PROJECT_ID,SAMPLE_ID,blank_or_control,enrichment,include
DCO_BKR,DCO_BKR_Av4v5--Aar_59E_25H2,FALSE,FALSE,TRUE
DCO_BKR,DCO_BKR_Av4v5--Knox_60B_10H2,FALSE,FALSE,TRUE
DCO_BKR,DCO_BKR_Av4v5--Knox_63E_6H2,FALSE,FALSE,TRUE
DCO_BKR,DCO_BKR_Av4v5--Knox_65C_7H2,FALSE,FALSE,TRUE
DCO_BKR,DCO_BKR_Bv4v5--Aar_59E_13H2,FALSE,FALSE,TRUE
DCO_BKR,DCO_BKR_Bv4v5--Aar_59E_21H2,FALSE,FALSE,TRUE
DCO_BKR,DCO_BKR_Bv4v5--Aar_65C_4H2,FALSE,FALSE,TRUE
DCO_BKR,DCO_BKR_Bv4v5--Knox_60B_10H2,FALSE,FALSE,TRUE
DCO_BKR,DCO_BKR_Bv4v5--Knox_60B_28H2,FALSE,FALSE,TRUE
DCO_BKR,DCO_BKR_Bv4v5--Knox_63E_24H2,FALSE,FALSE,TRUE
DCO_BKR,DCO_BKR_Bv4v5--Knox_63E_6H2,FALSE,FALSE,TRUE
DCO_BOM,DCO_BOM_Av6--OL_KR29_801m,FALSE,FALSE,TRUE
DCO_BOM,DCO_BOM_Av6--OL_KR44_775m,FALSE,FALSE,TRUE
DCO_BOM,DCO_BOM_Bv6--OL_KR44_775m,FALSE,FALSE,TRUE
DCO_BOM,DCO_BOM_Av6--OL_KR1_609m,FALSE,FALSE,TRUE
DCO_BOM,DCO_BOM_Av6--OL_KR13_360m,FALSE,FALSE,TRUE
DCO_BOM,DCO_BOM_Av6--OL_KR2_596m,FALSE,FALSE,TRUE
DCO_BOM,DCO_BOM_Av6--OL_KR23_424m,FALSE,FALSE,TRUE
DCO_BOM,DCO_BOM_Av6--OL_KR3_380m,FALSE,FALSE,TRUE
DCO_BOM,DCO_BOM_Av6--OL_KR49_532m,FALSE,FALSE,TRUE
DCO_BOM,DCO_BOM_Av6--OL_KR5_457m,FALSE,FALSE,TRUE
DCO_BOM,DCO_BOM_Av6--OL_KR6_422m,FALSE,FALSE,TRUE
DCO_BOM,DCO_BOM_Av6--OL_KR9_468m,FALSE,FALSE,TRUE
DCO_BOM,DCO_BOM_Av6--OL_KR9_564m,FALSE,FALSE,TRUE
DCO_BOM,DCO_BOM_Bv6--OL_KR1_609m,FALSE,FALSE,TRUE
DCO_BOM,DCO_BOM_Bv6--OL_KR13_360m,FALSE,FALSE,TRUE
DCO_BOM,DCO_BOM_Bv6--OL_KR2_596m,FALSE,FALSE,TRUE
DCO_BOM,DCO_BOM_Bv6--OL_KR23_424m,FALSE,FALSE,TRUE
DCO_BOM,DCO_BOM_Bv6--OL_KR29_801m,FALSE,FALSE,TRUE
DCO_BOM,DCO_BOM_Bv6--OL_KR3_380m,FALSE,FALSE,TRUE
DCO_BOM,DCO_BOM_Bv6--OL_KR49_532m,FALSE,FALSE,TRUE
DCO_BOM,DCO_BOM_Bv6--OL_KR5_457m,FALSE,FALSE,TRUE
DCO_BOM,DCO_BOM_Bv6--OL_KR6_422m,FALSE,FALSE,TRUE
DCO_BOM,DCO_BOM_Bv6--OL_KR9_468m,FALSE,FALSE,TRUE
DCO_BOM,DCO_BOM_Bv6--OL_KR9_564m,FALSE,FALSE,TRUE
DCO_BRA,DCO_BRA_Av6--IODP_331_Site_C14B_1_1,FALSE,FALSE,TRUE
DCO_BRA,DCO_BRA_Av6--IODP_331_Site_C14B_1_2,FALSE,FALSE,TRUE
DCO_BRA,DCO_BRA_Av6--IODP_331_Site_C14B_1_3,FALSE,FALSE,TRUE
DCO_BRA,DCO_BRA_Av6--IODP_331_Site_C14B_1_4,FALSE,FALSE,TRUE
DCO_BRA,DCO_BRA_Av6--IODP_331_Site_C14B_2_10,FALSE,FALSE,TRUE
DCO_BRA,DCO_BRA_Av6--IODP_331_Site_C14B_2_3,FALSE,FALSE,TRUE
DCO_BRA,DCO_BRA_Av6--IODP_331_Site_C14D_1_1,FALSE,FALSE,TRUE
DCO_BRA,DCO_BRA_Av6--IODP_331_Site_C14D_1_3,FALSE,FALSE,TRUE
DCO_BRA,DCO_BRA_Av6--IODP_331_Site_C14D_1_4,FALSE,FALSE,TRUE
DCO_BRA,DCO_BRA_Av6--IODP_331_Site_C14D_2_1,FALSE,FALSE,TRUE
DCO_BRA,DCO_BRA_Av6--IODP_331_Site_C14D_2_2,FALSE,FALSE,TRUE
DCO_BRA,DCO_BRA_Av6--IODP_331_Site_C14D_2_3,FALSE,FALSE,TRUE
DCO_BRA,DCO_BRA_Bv6--IODP_331_Site_C14B_1_1,FALSE,FALSE,TRUE
DCO_BRA,DCO_BRA_Bv6--IODP_331_Site_C14B_1_2,FALSE,FALSE,TRUE
DCO_BRA,DCO_BRA_Bv6--IODP_331_Site_C14B_1_3,FALSE,FALSE,TRUE
DCO_BRA,DCO_BRA_Bv6--IODP_331_Site_C14B_1_4,FALSE,FALSE,TRUE
DCO_BRA,DCO_BRA_Bv6--IODP_331_Site_C14B_2_10,FALSE,FALSE,TRUE
DCO_BRA,DCO_BRA_Bv6--IODP_331_Site_C14B_2_3,FALSE,FALSE,TRUE
DCO_BRA,DCO_BRA_Bv6--IODP_331_Site_C14D_1_1,FALSE,FALSE,TRUE
DCO_BRA,DCO_BRA_Bv6--IODP_331_Site_C14D_1_3,FALSE,FALSE,TRUE
DCO_BRA,DCO_BRA_Bv6--IODP_331_Site_C14D_1_4,FALSE,FALSE,TRUE
DCO_BRA,DCO_BRA_Bv6--IODP_331_Site_C14D_2_1,FALSE,FALSE,TRUE
DCO_BRA,DCO_BRA_Bv6--IODP_331_Site_C14D_2_2,FALSE,FALSE,TRUE
DCO_BRA,DCO_BRA_Bv6--IODP_331_Site_C14D_2_3,FALSE,FALSE,TRUE
DCO_BRG,DCO_BRG_Av6v4--Site17A_447mbsf,FALSE,FALSE,TRUE
DCO_BRG,DCO_BRG_Av6v4--Site17A_456mbsf_Av6v,FALSE,FALSE,TRUE
DCO_BRG,DCO_BRG_Bv6v4--Site17A_178mbsf,FALSE,FALSE,TRUE
DCO_BRG,DCO_BRG_Bv6v4--Site17A_21mbsf,FALSE,FALSE,TRUE
DCO_BRG,DCO_BRG_Bv6v4--Site17A_226mbsf,FALSE,FALSE,TRUE
DCO_BRG,DCO_BRG_Bv6v4--Site17A_264mbsf,FALSE,FALSE,TRUE
DCO_BRG,DCO_BRG_Bv6v4--Site17A_322mbsf,FALSE,FALSE,TRUE
DCO_BRG,DCO_BRG_Bv6v4--Site17A_322mbsf_MDA,FALSE,FALSE,TRUE
DCO_BRG,DCO_BRG_Bv6v4--Site17A_40mbsf,FALSE,FALSE,TRUE
DCO_BRG,DCO_BRG_Bv6v4--Site17A_419mbsf,FALSE,FALSE,TRUE
DCO_BRG,DCO_BRG_Bv6v4--Site17A_447mbsf,FALSE,FALSE,TRUE
DCO_BRG,DCO_BRG_Bv6v4--Site17A_456mbsf,FALSE,FALSE,TRUE
DCO_BRG,DCO_BRG_Bv6v4--Site17A_554mbsf,FALSE,FALSE,TRUE
DCO_BRG,DCO_BRG_Bv6v4--Site17A_588mbsf,FALSE,FALSE,TRUE
DCO_BRG,DCO_BRG_Bv6v4--Site17A_589mbsf,FALSE,FALSE,TRUE
DCO_BRG,DCO_BRG_Bv6v4--Site17A_684mbsf,FALSE,FALSE,TRUE
DCO_BRZ,DCO_BRZ_Bv4v5--CRO_CSW1_1A_Aug13,FALSE,FALSE,TRUE
DCO_BRZ,DCO_BRZ_Bv4v5--CRO_CSW1_1A_Jul14,FALSE,FALSE,TRUE
DCO_BRZ,DCO_BRZ_Bv4v5--CRO_CSW1_1B_Aug13,FALSE,FALSE,TRUE
DCO_BRZ,DCO_BRZ_Bv4v5--CRO_CSW1_1B_Jul14,FALSE,FALSE,TRUE
DCO_BRZ,DCO_BRZ_Bv4v5--CRO_CSW1_1C_Aug13,FALSE,FALSE,TRUE
DCO_BRZ,DCO_BRZ_Bv4v5--CRO_CSW1_1C_Jul14,FALSE,FALSE,TRUE
DCO_BRZ,DCO_BRZ_Bv4v5--CRO_CSW1_3A_Aug13,FALSE,FALSE,TRUE
DCO_BRZ,DCO_BRZ_Bv4v5--CRO_CSW1_3A_Jul14,FALSE,FALSE,TRUE
DCO_BRZ,DCO_BRZ_Bv4v5--CRO_CSW1_3B_Aug13,FALSE,FALSE,TRUE
DCO_BRZ,DCO_BRZ_Bv4v5--CRO_CSW1_3B_Jul14,FALSE,FALSE,TRUE
DCO_BRZ,DCO_BRZ_Bv4v5--CRO_CSW1_3C_Aug13,FALSE,FALSE,TRUE
DCO_BRZ,DCO_BRZ_Bv4v5--CRO_QV1_1A_Aug13,FALSE,FALSE,TRUE
DCO_BRZ,DCO_BRZ_Bv4v5--CRO_QV1_1A_Jul14,FALSE,FALSE,TRUE
DCO_BRZ,DCO_BRZ_Bv4v5--CRO_QV1_1B_Aug13,FALSE,FALSE,TRUE
DCO_BRZ,DCO_BRZ_Bv4v5--CRO_QV1_1B_Jul14,FALSE,FALSE,TRUE
DCO_BRZ,DCO_BRZ_Bv4v5--CRO_QV1_1C_Aug13,FALSE,FALSE,TRUE
DCO_BRZ,DCO_BRZ_Bv4v5--CRO_QV1_1C_Jul14,FALSE,FALSE,TRUE
DCO_BRZ,DCO_BRZ_Bv4v5--CRO_QV1_2A_Aug13,FALSE,FALSE,TRUE
DCO_BRZ,DCO_BRZ_Bv4v5--CRO_QV1_2A_Jul14,FALSE,FALSE,TRUE
DCO_BRZ,DCO_BRZ_Bv4v5--CRO_QV1_2B_Aug13,FALSE,FALSE,TRUE
DCO_BRZ,DCO_BRZ_Bv4v5--CRO_QV1_2B_Jul14,FALSE,FALSE,TRUE
DCO_BRZ,DCO_BRZ_Bv4v5--CRO_QV1_2C_Aug13,FALSE,FALSE,TRUE
DCO_BRZ,DCO_BRZ_Bv4v5--CSWold_A_Aug13,FALSE,FALSE,TRUE
DCO_BRZ,DCO_BRZ_Bv4v5--CSWold_A_Dec13,FALSE,FALSE,TRUE
DCO_BRZ,DCO_BRZ_Bv4v5--CSWold_June11,FALSE,FALSE,TRUE
DCO_BRZ,DCO_BRZ_Bv4v5--CSWold_Mar12,FALSE,FALSE,TRUE
DCO_BRZ,DCO_BRZ_Bv4v5--N08A_A_Dec13,FALSE,FALSE,TRUE
DCO_BRZ,DCO_BRZ_Bv4v5--N08A_B_Aug13,FALSE,FALSE,TRUE
DCO_BRZ,DCO_BRZ_Bv4v5--N08A_July11,FALSE,FALSE,TRUE
DCO_BRZ,DCO_BRZ_Bv4v5--N08Aa_Aug12,FALSE,FALSE,TRUE
DCO_BRZ,DCO_BRZ_Bv4v5--N08B_A_Aug13,FALSE,FALSE,TRUE
DCO_BRZ,DCO_BRZ_Bv4v5--N08B_A_Dec13,FALSE,FALSE,TRUE
DCO_BRZ,DCO_BRZ_Bv4v5--N08B_July11,FALSE,FALSE,TRUE
DCO_BRZ,DCO_BRZ_Bv4v5--N08Ba_Aug12,FALSE,FALSE,TRUE
DCO_BRZ,DCO_BRZ_Bv4v5--N08Bb_Aug12,FALSE,FALSE,TRUE
DCO_BRZ,DCO_BRZ_Bv4v5--N08Bc_Aug12,FALSE,FALSE,TRUE
DCO_BRZ,DCO_BRZ_Bv4v5--N08C_A_Aug13,FALSE,FALSE,TRUE
DCO_BRZ,DCO_BRZ_Bv4v5--N08C_A_Dec13,FALSE,FALSE,TRUE
DCO_BRZ,DCO_BRZ_Bv4v5--N1A_Aug12,FALSE,FALSE,TRUE
DCO_BRZ,DCO_BRZ_Bv4v5--N5A_Aug12,FALSE,FALSE,TRUE
DCO_BRZ,DCO_BRZ_Bv4v5--Serp_CRO_8A_Apr11_Bv4v5,FALSE,FALSE,TRUE
DCO_BRZ,DCO_BRZ_Bv4v5--Serp_CRO_8A_Aug11_Bv4v5,FALSE,FALSE,TRUE
DCO_BRZ,DCO_BRZ_Bv4v5--Serp_CRO_8B_AprC11_Bv4v5,FALSE,FALSE,TRUE
DCO_BRZ,DCO_BRZ_Bv4v5--Serp_CRO_8B_AprD11_Bv4v5,FALSE,FALSE,TRUE
DCO_BRZ,DCO_BRZ_Bv4v5--Serp_CRO_CSW_Aug11_Bv4v5,FALSE,FALSE,TRUE
DCO_BRZ,DCO_BRZ_Bv4v5--Serp_CRO_CSW1_1A_Mar13,FALSE,FALSE,TRUE
DCO_BRZ,DCO_BRZ_Bv4v5--Serp_CRO_CSW1_2A_Mar13,FALSE,FALSE,TRUE
DCO_BRZ,DCO_BRZ_Bv4v5--Serp_CRO_CSW1_3B_Mar13,FALSE,FALSE,TRUE
DCO_BRZ,DCO_BRZ_Bv4v5--Serp_CRO_CSW1_4A_Mar13,FALSE,FALSE,TRUE
DCO_BRZ,DCO_BRZ_Bv4v5--Serp_CRO_CSW1_5A_Mar13,FALSE,FALSE,TRUE
DCO_BRZ,DCO_BRZ_Bv4v5--Serp_CRO_CSW11ABCD_Jun12_Bv4v5,FALSE,FALSE,TRUE
DCO_BRZ,DCO_BRZ_Bv4v5--Serp_CRO_CSWold_11_11_Bv4v5,FALSE,FALSE,TRUE
DCO_BRZ,DCO_BRZ_Bv4v5--Serp_CRO_CSWold2_Jul11_Bv4v5,FALSE,FALSE,TRUE
DCO_BRZ,DCO_BRZ_Bv4v5--Serp_CRO_CSWold3_Jul11_Bv4v5,FALSE,FALSE,TRUE
DCO_BRZ,DCO_BRZ_Bv4v5--Serp_CRO_CSWoldA_Mar13,FALSE,FALSE,TRUE
DCO_BRZ,DCO_BRZ_Bv4v5--Serp_CRO_CSWoldB_Mar13,FALSE,FALSE,TRUE
DCO_BRZ,DCO_BRZ_Bv4v5--Serp_CRO_CSWoldT0_Mar13,FALSE,FALSE,TRUE
DCO_BRZ,DCO_BRZ_Bv4v5--Serp_CRO_CSWwell_Aug11_Bv4v5,FALSE,FALSE,TRUE
DCO_BRZ,DCO_BRZ_Bv4v5--Serp_CRO_N08A_Apr11_Bv4v5,FALSE,FALSE,TRUE
DCO_BRZ,DCO_BRZ_Bv4v5--Serp_CRO_N08A_Aug11_Bv4v5,FALSE,FALSE,TRUE
DCO_BRZ,DCO_BRZ_Bv4v5--Serp_CRO_N08AB_Mar13,FALSE,FALSE,TRUE
DCO_BRZ,DCO_BRZ_Bv4v5--Serp_CRO_N08BA_Mar13,FALSE,FALSE,TRUE
DCO_BRZ,DCO_BRZ_Bv4v5--Serp_CRO_N08BB_Mar13,FALSE,FALSE,TRUE
DCO_BRZ,DCO_BRZ_Bv4v5--Serp_CRO_N08CA_Mar13,FALSE,FALSE,TRUE
DCO_BRZ,DCO_BRZ_Bv4v5--Serp_CRO_N08T0_Mar13,FALSE,FALSE,TRUE
DCO_BRZ,DCO_BRZ_Bv4v5--Serp_CRO_QV1_1A_Mar13,FALSE,FALSE,TRUE
DCO_BRZ,DCO_BRZ_Bv4v5--Serp_CRO_QV1_2B_Mar13,FALSE,FALSE,TRUE
DCO_BRZ,DCO_BRZ_Bv4v5--Serp_CRO_QV1_3B_Mar13,FALSE,FALSE,TRUE
DCO_BRZ,DCO_BRZ_Bv4v5--Serp_CRO_QV13A_Aug12_Bv4v5,FALSE,FALSE,TRUE
DCO_BRZ,DCO_BRZ_Bv4v5--Serp_CRO_tank1_Aug11_Bv4v5,FALSE,FALSE,TRUE
DCO_BRZ,DCO_BRZ_Bv4v5--Serp_CRO_tank3_Aug11_Bv4v5,FALSE,FALSE,TRUE
DCO_BRZ,DCO_BRZ_Bv4v5--Serp_CRO_Well8B_Apr11_Bv4v5,FALSE,FALSE,TRUE
DCO_BRZ,DCO_BRZ_Bv4v5--Serp_LC_BB02_Bv4v5,FALSE,FALSE,TRUE
DCO_BRZ,DCO_BRZ_Bv4v5--Serp_LC_BB03_Bv4v5,FALSE,FALSE,TRUE
DCO_BRZ,DCO_BRZ_Bv4v5--Serp_LC_BB10,FALSE,FALSE,TRUE
DCO_BRZ,DCO_BRZ_Bv4v5--Serp_LC_BB10_Bv4v5,FALSE,FALSE,TRUE
DCO_BRZ,DCO_BRZ_Bv4v5--Serp_LC_BB12,FALSE,FALSE,TRUE
DCO_BRZ,DCO_BRZ_Bv4v5--Serp_LC_BB13,FALSE,FALSE,TRUE
DCO_BRZ,DCO_BRZ_Bv4v5--Serp_LC_BB14,FALSE,FALSE,TRUE
DCO_BRZ,DCO_BRZ_Bv4v5--Serp_LC_BB15,FALSE,FALSE,TRUE
DCO_BRZ,DCO_BRZ_Bv4v5--Serp_LC_BB16,FALSE,FALSE,TRUE
DCO_BRZ,DCO_BRZ_Bv4v5--Serp_LC_BB17,FALSE,FALSE,TRUE
DCO_BRZ,DCO_BRZ_Bv4v5--Serp_LC_BB18_Bv4v5,FALSE,FALSE,TRUE
DCO_BRZ,DCO_BRZ_Bv4v5--Serp_LC_BB20,FALSE,FALSE,TRUE
DCO_BRZ,DCO_BRZ_Bv4v5--Serp_LC_BB21,FALSE,FALSE,TRUE
DCO_BRZ,DCO_BRZ_Bv4v5--Serp_LC_BB22,FALSE,FALSE,TRUE
DCO_BRZ,DCO_BRZ_Bv4v5--Serp_LC_BB25,FALSE,FALSE,TRUE
DCO_BRZ,DCO_BRZ_Bv4v5--Serp_LC_BB27_Bv4v5,FALSE,FALSE,TRUE
DCO_BRZ,DCO_BRZ_Bv4v5--Serp_LC_BB28_Bv4v5,FALSE,FALSE,TRUE
DCO_BRZ,DCO_BRZ_Bv4v5--Serp_LC_BB31,FALSE,FALSE,TRUE
DCO_BRZ,DCO_BRZ_Bv4v5--Serp_LC_BB32,FALSE,FALSE,TRUE
DCO_BRZ,DCO_BRZ_Bv4v5--Serp_LC_BB33,FALSE,FALSE,TRUE
DCO_BRZ,DCO_BRZ_Bv4v5--Serp_LC_BB35,FALSE,FALSE,TRUE
DCO_BRZ,DCO_BRZ_Bv4v5--Serp_LC_BB36,FALSE,FALSE,TRUE
DCO_BRZ,DCO_BRZ_Bv4v5--Serp_LC_BB37,FALSE,FALSE,TRUE
DCO_BRZ,DCO_BRZ_Bv4v5--Serp_LC_BB4,FALSE,FALSE,TRUE
DCO_BRZ,DCO_BRZ_Bv4v5--Serp_LC_BB40,FALSE,FALSE,TRUE
DCO_BRZ,DCO_BRZ_Bv4v5--Serp_LC_BB41,FALSE,FALSE,TRUE
DCO_BRZ,DCO_BRZ_Bv4v5--Serp_LC_BB43,FALSE,FALSE,TRUE
DCO_BRZ,DCO_BRZ_Bv4v5--Serp_LC_BB46,FALSE,FALSE,TRUE
DCO_BRZ,DCO_BRZ_Bv4v5--Serp_LC_BB49,FALSE,FALSE,TRUE
DCO_BRZ,DCO_BRZ_Bv4v5--Serp_LC_BB6,FALSE,FALSE,TRUE
DCO_BRZ,DCO_BRZ_Bv4v5--Serp_LC_BB7,FALSE,FALSE,TRUE
DCO_BRZ,DCO_BRZ_Bv4v5--Serp_LC_BB8,FALSE,FALSE,TRUE
DCO_BRZ,DCO_BRZ_Bv4v5--Serp_LC_BB9,FALSE,FALSE,TRUE
DCO_BRZ,DCO_BRZ_Bv4v5--Serp_LC_H08_1_3_Bv4v5,FALSE,FALSE,TRUE
DCO_BRZ,DCO_BRZ_Bv4v5--Serp_LC_HO8_2_2_Bv4v5,FALSE,FALSE,TRUE
DCO_BRZ,DCO_BRZ_Bv4v5--Serp_LC_HO8_3_2_Bv4v5,FALSE,FALSE,TRUE
DCO_BRZ,DCO_BRZ_Bv4v5--Serp_LC1408,FALSE,FALSE,TRUE
DCO_BRZ,DCO_BRZ_Bv4v5--Serp_LC3862_1325,FALSE,FALSE,TRUE
DCO_BRZ,DCO_BRZ_Bv4v5--Serp_LIG_BR2_back1_Jun12_Bv4v5,FALSE,FALSE,TRUE
DCO_BRZ,DCO_BRZ_Bv4v5--Serp_LIG_BR2_back2_Jun12_Bv4v5,FALSE,FALSE,TRUE
DCO_BRZ,DCO_BRZ_Bv4v5--Serp_LIG_Gor_upA_Jul12_Bv4v5,FALSE,FALSE,TRUE
DCO_BRZ,DCO_BRZ_Bv4v5--Serp_LIG_Gor_upB_Jul12_Bv4v5,FALSE,FALSE,TRUE
DCO_BRZ,DCO_BRZ_Bv4v5--Serp_LIG_GOR1_11_65_Oct11_A2_Bv4v5,FALSE,FALSE,TRUE
DCO_BRZ,DCO_BRZ_Bv4v5--Serp_Lig_GOR1AB_2013,FALSE,FALSE,TRUE
DCO_BRZ,DCO_BRZ_Bv4v5--Serp_Lig_GOR1CDEF_2013,FALSE,FALSE,TRUE
DCO_BRZ,DCO_BRZ_Bv4v5--Serp_Lig_GORupA_2013,FALSE,FALSE,TRUE
DCO_BRZ,DCO_BRZ_Bv4v5--Serp_Lig_GORupB_2013,FALSE,FALSE,TRUE
DCO_BRZ,DCO_BRZ_Bv4v5--Serp_LIG_L43_upstream_Oct11_Bv4v5,FALSE,FALSE,TRUE
DCO_BRZ,DCO_BRZ_Bv4v5--Serp_LIG_LER20_11_117_Oct11_A2_Bv4v5,FALSE,FALSE,TRUE
DCO_BRZ,DCO_BRZ_Bv4v5--Serp_LIG_LER20_lipids2011_Bv4v5,FALSE,FALSE,TRUE
DCO_BRZ,DCO_BRZ_Bv4v5--Serp_LIG_LER20_LS11_127_Oct11,FALSE,FALSE,TRUE
DCO_BRZ,DCO_BRZ_Bv4v5--Serp_LIG_PIO14_11_83_Oct11_A2_Bv4v5,FALSE,FALSE,TRUE
DCO_BRZ,DCO_BRZ_Bv4v5--Serp_TL_WHC2A_DNA3_Jun11_Bv4v5,FALSE,FALSE,TRUE
DCO_BRZ,DCO_BRZ_Bv4v5--Serp_TL_WHC2B_Aug10,FALSE,FALSE,TRUE
DCO_BRZ,DCO_BRZ_Bv4v5--Serp_TL_WHC2C_DNA2_Jun11_Bv4v5,FALSE,FALSE,TRUE
DCO_BRZ,DCO_BRZ_Bv4v5--Serp_TL_WHC75_DNA2_Jun11_Bv4v5,FALSE,FALSE,TRUE
DCO_CMT,DCO_CMT_Av6--Challenger_Middle_Pond_ThreeMicron,FALSE,FALSE,TRUE
DCO_CMT,DCO_CMT_Av6--Challenger_Middle_Pond_ZeroPointOneMicron,FALSE,FALSE,TRUE
DCO_CMT,DCO_CMT_Av6--Challenger_Middle_Pond_ZeroPointTwoMicron,FALSE,FALSE,TRUE
DCO_CMT,DCO_CMT_Av6--Challenger_West_Pond_ThreeMicron,FALSE,FALSE,TRUE
DCO_CMT,DCO_CMT_Av6--Challenger_West_Pond_ZeroPointOneMicron,FALSE,FALSE,TRUE
DCO_CMT,DCO_CMT_Av6--Challenger_West_Pond_ZeroPointTwoMicron,FALSE,FALSE,TRUE
DCO_CMT,DCO_CMT_Av6--Sirena_Deep_ThreeMicron,FALSE,FALSE,TRUE
DCO_CMT,DCO_CMT_Av6--Sirena_Deep_ZeroPointOneMicron,FALSE,FALSE,TRUE
DCO_CMT,DCO_CMT_Av6--Sirena_Deep_ZeroPointTwoMicron,FALSE,FALSE,TRUE
DCO_CMT,DCO_CMT_Av6--Ulithi_ThreeMicron,FALSE,FALSE,TRUE
DCO_CMT,DCO_CMT_Av6--Ulithi_ZeroPointOneMicron,FALSE,FALSE,TRUE
DCO_CMT,DCO_CMT_Av6--Ulithi_ZeroPointTwoMicron,FALSE,FALSE,TRUE
DCO_CMT,DCO_CMT_Bv6--Challenger_Middle_Pond_ThreeMicron,FALSE,FALSE,TRUE
DCO_CMT,DCO_CMT_Bv6--Challenger_Middle_Pond_ZeroPointOneMicron,FALSE,FALSE,TRUE
DCO_CMT,DCO_CMT_Bv6--Challenger_Middle_Pond_ZeroPointTwoMicron,FALSE,FALSE,TRUE
DCO_CMT,DCO_CMT_Bv6--Challenger_West_Pond_ThreeMicron,FALSE,FALSE,TRUE
DCO_CMT,DCO_CMT_Bv6--Challenger_West_Pond_ZeroPointOneMicron,FALSE,FALSE,TRUE
DCO_CMT,DCO_CMT_Bv6--Challenger_West_Pond_ZeroPointTwoMicron,FALSE,FALSE,TRUE
DCO_CMT,DCO_CMT_Bv6--Sirena_Deep_ThreeMicron,FALSE,FALSE,TRUE
DCO_CMT,DCO_CMT_Bv6--Sirena_Deep_ZeroPointOneMicron,FALSE,FALSE,TRUE
DCO_CMT,DCO_CMT_Bv6--Sirena_Deep_ZeroPointTwoMicron,FALSE,FALSE,TRUE
DCO_CMT,DCO_CMT_Bv6--Ulithi_ThreeMicron,FALSE,FALSE,TRUE
DCO_CMT,DCO_CMT_Bv6--Ulithi_ZeroPointOneMicron,FALSE,FALSE,TRUE
DCO_CMT,DCO_CMT_Bv6--Ulithi_ZeroPointTwoMicron,FALSE,FALSE,TRUE
DCO_DAL,DCO_DAL_Bv4v5--AgiaParaskevi,FALSE,FALSE,TRUE
DCO_DAL,DCO_DAL_Bv4v5--Alexandria,FALSE,FALSE,TRUE
DCO_DAL,DCO_DAL_Bv4v5--Giotrisi,FALSE,FALSE,TRUE
DCO_DAL,DCO_DAL_Bv4v5--Kabasilon,FALSE,FALSE,TRUE
DCO_DAL,DCO_DAL_Bv4v5--Mesochori3,FALSE,FALSE,TRUE
DCO_DAL,DCO_DAL_Bv4v5--NeaApollonia3,FALSE,FALSE,TRUE
DCO_DAL,DCO_DAL_Bv4v5--NeaKessani,FALSE,FALSE,TRUE
DCO_DAL,DCO_DAL_Bv4v5--NeoErasmio,FALSE,FALSE,TRUE
DCO_DAL,DCO_DAL_Bv4v5--Nymfopetra,FALSE,FALSE,TRUE
DCO_DAL,DCO_DAL_Bv4v5--Termopigi,FALSE,FALSE,TRUE
DCO_DAL,DCO_DAL_Bv4v5--Traianoupoli,FALSE,FALSE,TRUE
DCO_GAI,DCO_GAI_Bv3v5--S1,FALSE,FALSE,TRUE
DCO_GAI,DCO_GAI_Bv3v5--S2,FALSE,FALSE,TRUE
DCO_GAI,DCO_GAI_Bv3v5--S3,FALSE,FALSE,TRUE
DCO_GAI,DCO_GAI_Bv3v5--S4,FALSE,FALSE,TRUE
DCO_GAI,DCO_GAI_Bv3v5--S5,FALSE,FALSE,TRUE
DCO_GAI,DCO_GAI_Bv3v5--S6,FALSE,FALSE,TRUE
DCO_GAI,DCO_GAI_Bv3v5--S7,FALSE,FALSE,TRUE
DCO_GAI,DCO_GAI_Bv3v5--Sk_hlaup,FALSE,FALSE,TRUE
DCO_GAI,DCO_GAI_Bv6v4--S1,FALSE,FALSE,TRUE
DCO_GAI,DCO_GAI_Bv6v4--S2,FALSE,FALSE,TRUE
DCO_GAI,DCO_GAI_Bv6v4--S3,FALSE,FALSE,TRUE
DCO_GAI,DCO_GAI_Bv6v4--S4,FALSE,FALSE,TRUE
DCO_GAI,DCO_GAI_Bv6v4--S5,FALSE,FALSE,TRUE
DCO_GAI,DCO_GAI_Bv6v4--S6,FALSE,FALSE,TRUE
DCO_GAI,DCO_GAI_Bv6v4--S7,FALSE,FALSE,TRUE
DCO_GAI,DCO_GAI_Bv6v4--Sk_hlaup,FALSE,FALSE,TRUE
DCO_GMSB,DCO_GMSB_Av4v5--P10_2,FALSE,FALSE,TRUE
DCO_GMSB,DCO_GMSB_Av4v5--P10_4,FALSE,FALSE,TRUE
DCO_GMSB,DCO_GMSB_Av4v5--P11_2,FALSE,FALSE,TRUE
DCO_GMSB,DCO_GMSB_Av4v5--P11_5,FALSE,FALSE,TRUE
DCO_GMSB,DCO_GMSB_Av4v5--P12_4,FALSE,FALSE,TRUE
DCO_GMSB,DCO_GMSB_Av4v5--P13_4,FALSE,FALSE,TRUE
DCO_GMSB,DCO_GMSB_Av4v5--P3_4,FALSE,FALSE,TRUE
DCO_GMSB,DCO_GMSB_Av4v5--P4_3,FALSE,FALSE,TRUE
DCO_GMSB,DCO_GMSB_Av4v5--P6_3,FALSE,FALSE,TRUE
DCO_GMSB,DCO_GMSB_Av4v5--P6_4,FALSE,FALSE,TRUE
DCO_GMSB,DCO_GMSB_Bv4v5--P10_2,FALSE,FALSE,TRUE
DCO_GMSB,DCO_GMSB_Bv4v5--P10_4,FALSE,FALSE,TRUE
DCO_GMSB,DCO_GMSB_Bv4v5--P11_2,FALSE,FALSE,TRUE
DCO_GMSB,DCO_GMSB_Bv4v5--P12_4,FALSE,FALSE,TRUE
DCO_GMSB,DCO_GMSB_Bv4v5--P13_4,FALSE,FALSE,TRUE
DCO_GMSB,DCO_GMSB_Bv4v5--P3_4,FALSE,FALSE,TRUE
DCO_GMSB,DCO_GMSB_Bv4v5--P6_3,FALSE,FALSE,TRUE
DCO_GMSB,DCO_GMSB_Bv4v5--P6_4,FALSE,FALSE,TRUE
DCO_GRA,DCO_GRA_Bv6v4--920W2,FALSE,FALSE,TRUE
DCO_GRA,DCO_GRA_Bv6v4--932W2,FALSE,FALSE,TRUE
DCO_GRA,DCO_GRA_Bv6v4--942W14,FALSE,FALSE,TRUE
DCO_GRA,DCO_GRA_Bv6v4--944W11,FALSE,FALSE,TRUE
DCO_GRA,DCO_GRA_Bv6v4--951W11,FALSE,FALSE,TRUE
DCO_GRA,DCO_GRA_Bv6v4--964W1,FALSE,FALSE,TRUE
DCO_HIN,DCO_HIN_Av6v4--BS_15105_2_147_167,FALSE,FALSE,TRUE
DCO_HIN,DCO_HIN_Av6v4--BS_15105_2_390_405,FALSE,FALSE,TRUE
DCO_HIN,DCO_HIN_Av6v4--BS_15105_2_420_435,FALSE,FALSE,TRUE
DCO_HIN,DCO_HIN_Av6v4--DB_15102_1_23_43,FALSE,FALSE,TRUE
DCO_HIN,DCO_HIN_Av6v4--EM_15103_2_21_34,FALSE,FALSE,TRUE
DCO_HIN,DCO_HIN_Av6v4--EM_15103_2_220_240,FALSE,FALSE,TRUE
DCO_HIN,DCO_HIN_Av6v4--EM_15103_2_435_455,FALSE,FALSE,TRUE
DCO_HIN,DCO_HIN_Bv6v4--BS_15105_2_147_167,FALSE,FALSE,TRUE
DCO_HIN,DCO_HIN_Bv6v4--BS_15105_2_390_405,FALSE,FALSE,TRUE
DCO_HIN,DCO_HIN_Bv6v4--BS_15105_2_420_435,FALSE,FALSE,TRUE
DCO_HIN,DCO_HIN_Bv6v4--DB_15102_1_23_43,FALSE,FALSE,TRUE
DCO_HIN,DCO_HIN_Bv6v4--EM_15103_2_21_34,FALSE,FALSE,TRUE
DCO_HIN,DCO_HIN_Bv6v4--EM_15103_2_220_240,FALSE,FALSE,TRUE
DCO_HIN,DCO_HIN_Bv6v4--EM_15103_2_435_455,FALSE,FALSE,TRUE
DCO_KLA,DCO_KLA_Av4v5--Cetus_summit_220,FALSE,FALSE,TRUE
DCO_KLA,DCO_KLA_Av4v5--Cetus_summit_40,FALSE,FALSE,TRUE
DCO_KLA,DCO_KLA_Av4v5--Venere_flow_150_m_from_summit_5,FALSE,FALSE,TRUE
DCO_KLA,DCO_KLA_Av4v5--Venere_flow_150_m_from_summit_60,FALSE,FALSE,TRUE
DCO_KLA,DCO_KLA_Av4v5--Venere_flow_80_m_from_summit_2,FALSE,FALSE,TRUE
DCO_KLA,DCO_KLA_Av4v5--Venere_flow_80_m_from_summit_267,FALSE,FALSE,TRUE
DCO_KLA,DCO_KLA_Av4v5--Venere_flow_80_m_from_summit_48,FALSE,FALSE,TRUE
DCO_KLA,DCO_KLA_Av4v5--Venere_summit_2,FALSE,FALSE,TRUE
DCO_KLA,DCO_KLA_Av4v5--Venere_summit_470,FALSE,FALSE,TRUE
DCO_KLA,DCO_KLA_Av4v5--Venere_summit_88,FALSE,FALSE,TRUE
DCO_KLA,DCO_KLA_Bv4v5--Venere_flow_150_m_from_summit_5,FALSE,FALSE,TRUE
DCO_KLA,DCO_KLA_Bv4v5--Venere_flow_80_m_from_summit_2,FALSE,FALSE,TRUE
DCO_KLA,DCO_KLA_Bv4v5--Venere_flow_80_m_from_summit_48,FALSE,FALSE,TRUE
DCO_KLA,DCO_KLA_Bv4v5--Venere_summit_2,FALSE,FALSE,TRUE
DCO_KLA,DCO_KLA_Bv4v5--Venere_summit_470,FALSE,FALSE,TRUE
DCO_KLA,DCO_KLA_Bv4v5--Venere_summit_88,FALSE,FALSE,TRUE
DCO_LAV,DCO_LAV_Av6v4--Wallulua_2009_213,FALSE,FALSE,TRUE
DCO_LAV,DCO_LAV_Av6v4--Wallulua_2009_220,FALSE,FALSE,TRUE
DCO_LAV,DCO_LAV_Av6v4--Wallulua_2009_31,FALSE,FALSE,TRUE
DCO_LAV,DCO_LAV_Av6v4--Wallulua_2009_39,FALSE,FALSE,TRUE
DCO_LAV,DCO_LAV_Av6v4--Wallulua_2009_413,FALSE,FALSE,TRUE
DCO_LAV,DCO_LAV_Av6v4--Wallulua_2011_34,FALSE,FALSE,TRUE
DCO_LAV,DCO_LAV_Bv6v4--Wallulua_2009_213,FALSE,FALSE,TRUE
DCO_LAV,DCO_LAV_Bv6v4--Wallulua_2009_220,FALSE,FALSE,TRUE
DCO_LAV,DCO_LAV_Bv6v4--Wallulua_2009_31,FALSE,FALSE,TRUE
DCO_LAV,DCO_LAV_Bv6v4--Wallulua_2009_39,FALSE,FALSE,TRUE
DCO_LAV,DCO_LAV_Bv6v4--Wallulua_2009_413,FALSE,FALSE,TRUE
DCO_LAV,DCO_LAV_Bv6v4--Wallulua_2011_34,FALSE,FALSE,TRUE
DCO_LAZ,DCO_LAZ_Av4v5--PC1A_2,FALSE,FALSE,TRUE
DCO_LAZ,DCO_LAZ_Av4v5--PC3A_2,FALSE,FALSE,TRUE
DCO_LAZ,DCO_LAZ_Av4v5--PC3B_2,FALSE,FALSE,TRUE
DCO_LAZ,DCO_LAZ_Av4v5--PC3C_2,FALSE,FALSE,TRUE
DCO_LAZ,DCO_LAZ_Bv4v5--PC1A_2,FALSE,FALSE,TRUE
DCO_LAZ,DCO_LAZ_Bv4v5--PC3A_2,FALSE,FALSE,TRUE
DCO_LAZ,DCO_LAZ_Bv4v5--PC3B_2,FALSE,FALSE,TRUE
DCO_LAZ,DCO_LAZ_Bv4v5--PC3C_2,FALSE,FALSE,TRUE
DCO_LAZ,DCO_LAZ_Av4v5--PC1A,FALSE,FALSE,TRUE
DCO_LAZ,DCO_LAZ_Av4v5--PC2A,FALSE,FALSE,TRUE
DCO_LAZ,DCO_LAZ_Av4v5--PC2B,FALSE,FALSE,TRUE
DCO_LAZ,DCO_LAZ_Av4v5--PC2C,FALSE,FALSE,TRUE
DCO_LAZ,DCO_LAZ_Av4v5--PC2D,FALSE,FALSE,TRUE
DCO_LAZ,DCO_LAZ_Av4v5--PC3A,FALSE,FALSE,TRUE
DCO_LAZ,DCO_LAZ_Av4v5--PC3B,FALSE,FALSE,TRUE
DCO_LAZ,DCO_LAZ_Av4v5--PC3C,FALSE,FALSE,TRUE
DCO_LAZ,DCO_LAZ_Av4v5--PC4A,FALSE,FALSE,TRUE
DCO_LAZ,DCO_LAZ_Av4v5--PC4B,FALSE,FALSE,TRUE
DCO_LAZ,DCO_LAZ_Bv4v5--PC1A,FALSE,FALSE,TRUE
DCO_LAZ,DCO_LAZ_Bv4v5--PC2A,FALSE,FALSE,TRUE
DCO_LAZ,DCO_LAZ_Bv4v5--PC2B,FALSE,FALSE,TRUE
DCO_LAZ,DCO_LAZ_Bv4v5--PC2C,FALSE,FALSE,TRUE
DCO_LAZ,DCO_LAZ_Bv4v5--PC2D,FALSE,FALSE,TRUE
DCO_LAZ,DCO_LAZ_Bv4v5--PC3A,FALSE,FALSE,TRUE
DCO_LAZ,DCO_LAZ_Bv4v5--PC3B,FALSE,FALSE,TRUE
DCO_LAZ,DCO_LAZ_Bv4v5--PC3C,FALSE,FALSE,TRUE
DCO_LAZ,DCO_LAZ_Bv4v5--PC4A,FALSE,FALSE,TRUE
DCO_LAZ,DCO_LAZ_Bv4v5--PC4B,FALSE,FALSE,TRUE
DCO_LIN,DCO_LIN_Bv6--TWNCO2_1518m,FALSE,FALSE,TRUE
DCO_LIN,DCO_LIN_Bv6--TWNCO2_1520m,FALSE,FALSE,TRUE
DCO_LIN,DCO_LIN_Bv6--TWNCO2_1564m,FALSE,FALSE,TRUE
DCO_LIN,DCO_LIN_Bv6--TWNCO2_1614m,FALSE,FALSE,TRUE
DCO_LIN,DCO_LIN_Bv6--TWNCO2_1675m,FALSE,FALSE,TRUE
DCO_LIN,DCO_LIN_Bv6--TWNCO2_1733m,FALSE,FALSE,TRUE
DCO_LIN,DCO_LIN_Bv6--TWNCO2_1788m,FALSE,FALSE,TRUE
DCO_LIN,DCO_LIN_Bv6--TWNCO2_1814m,FALSE,FALSE,TRUE
DCO_LIN,DCO_LIN_Bv6--TWNCO2_1909m,FALSE,FALSE,TRUE
DCO_LIN,DCO_LIN_Bv6--TWNCO2_1956m,FALSE,FALSE,TRUE
DCO_LIN,DCO_LIN_Bv6--TWNCO2_2003m,FALSE,FALSE,TRUE
DCO_LIN,DCO_LIN_Bv6--TWNCO2_2056m,FALSE,FALSE,TRUE
DCO_LIN,DCO_LIN_Bv6--TWNCO2_2108m,FALSE,FALSE,TRUE
DCO_LIN,DCO_LIN_Bv6--TWNCO2_2172m,FALSE,FALSE,TRUE
DCO_LIN,DCO_LIN_Bv6--TWNCO2_2224m,FALSE,FALSE,TRUE
DCO_LIN,DCO_LIN_Bv6--TWNCO2_2273m,FALSE,FALSE,TRUE
DCO_LIN,DCO_LIN_Bv6--TWNCO2_2325m,FALSE,FALSE,TRUE
DCO_LIN,DCO_LIN_Bv6--TWNCO2_2397m,FALSE,FALSE,TRUE
DCO_LIN,DCO_LIN_Bv6--TWNCO2_2419m,FALSE,FALSE,TRUE
DCO_LIN,DCO_LIN_Bv6--TWNCO2_2465m,FALSE,FALSE,TRUE
DCO_LIN,DCO_LIN_Bv6--TWNCO2_2496m,FALSE,FALSE,TRUE
DCO_LIN,DCO_LIN_Bv6--TWNCO2_2547m,FALSE,FALSE,TRUE
DCO_LIN,DCO_LIN_Bv6--TWNCO2_2616m,FALSE,FALSE,TRUE
DCO_LIN,DCO_LIN_Bv6--TWNCO2_2659m,FALSE,FALSE,TRUE
DCO_LOIH,DCO_LOIH_Av4v5--J2_672_BM1_B12345,FALSE,FALSE,TRUE
DCO_LOIH,DCO_LOIH_Av4v5--J2_674_Scoop_2,FALSE,FALSE,TRUE
DCO_LOIH,DCO_LOIH_Av4v5--J672black_Av4v5,FALSE,FALSE,TRUE
DCO_LOIH,DCO_LOIH_Av4v5--J672yellow_Av4v5,FALSE,FALSE,TRUE
DCO_LOIH,DCO_LOIH_Av4v5--J675yellow_Av4v5,FALSE,FALSE,TRUE
DCO_LOIH,DCO_LOIH_Av4v5--J676black_Av4v5,FALSE,FALSE,TRUE
DCO_LOIH,DCO_LOIH_Av4v5--J676red_Av4v5,FALSE,FALSE,TRUE
DCO_LOIH,DCO_LOIH_Bv4v5--J674black_Bv4v5,FALSE,FALSE,TRUE
DCO_LOIH,DCO_LOIH_Bv4v5--J675yellow_Bv4v5,FALSE,FALSE,TRUE
DCO_LOIH,DCO_LOIH_Bv4v5--J676black_Bv4v5,FALSE,FALSE,TRUE
DCO_MAC,DCO_MAC_Av6--LD09_2_3,FALSE,FALSE,TRUE
DCO_MAC,DCO_MAC_Av6--LI09_3,FALSE,FALSE,TRUE
DCO_MAC,DCO_MAC_Av6--LI09_4,FALSE,FALSE,TRUE
DCO_MAC,DCO_MAC_Av6--LI09_5,FALSE,FALSE,TRUE
DCO_MAC,DCO_MAC_Av6--LI13_2,FALSE,FALSE,TRUE
DCO_MAC,DCO_MAC_Av6--LO13_2,FALSE,FALSE,TRUE
DCO_MAC,DCO_MAC_Av6--LO13_8,FALSE,FALSE,TRUE
DCO_MAC,DCO_MAC_Av6--LV13_5,FALSE,FALSE,TRUE
DCO_MAC,DCO_MAC_Bv6--LD09_2_3,FALSE,FALSE,TRUE
DCO_MAC,DCO_MAC_Bv6--LI09_3,FALSE,FALSE,TRUE
DCO_MAC,DCO_MAC_Bv6--LI09_4,FALSE,FALSE,TRUE
DCO_MAC,DCO_MAC_Bv6--LI09_5,FALSE,FALSE,TRUE
DCO_MAC,DCO_MAC_Bv6--LI13_2,FALSE,FALSE,TRUE
DCO_MAC,DCO_MAC_Bv6--LO13_2,FALSE,FALSE,TRUE
DCO_MAC,DCO_MAC_Bv6--LO13_8,FALSE,FALSE,TRUE
DCO_MAC,DCO_MAC_Bv6--LV13_5,FALSE,FALSE,TRUE
DCO_MAR,DCO_MAR_Av4v5--10A,FALSE,FALSE,TRUE
DCO_MAR,DCO_MAR_Av4v5--7A_,FALSE,FALSE,TRUE
DCO_MAR,DCO_MAR_Av4v5--8A_,FALSE,FALSE,TRUE
DCO_MAR,DCO_MAR_Av4v5--9A_,FALSE,FALSE,TRUE
DCO_MAR,DCO_MAR_Bv4v5--7B_,FALSE,FALSE,TRUE
DCO_MAR,DCO_MAR_Bv4v5--8B_,FALSE,FALSE,TRUE
DCO_MOS,DCO_MOS_Av6v4--KC_1_12_10_SW2_Av6v4,FALSE,FALSE,TRUE
DCO_MOS,DCO_MOS_Av6v4--KC_7850_SWA_Av6v4,FALSE,FALSE,TRUE
DCO_MOS,DCO_MOS_Bv6v4--KC_1_12_10_SW2_Bv6v4,FALSE,FALSE,TRUE
DCO_MOS,DCO_MOS_Bv6v4--KC_7850_SWA_Bv6v4,FALSE,FALSE,TRUE
DCO_MOS,DCO_MOS_Bv6v4--KC_L7850_B_MF_Bv6v4,FALSE,FALSE,TRUE
DCO_MOS,DCO_MOS_Av6v4--Bilby_DNA2_280312_Av6v4,FALSE,FALSE,TRUE
DCO_MOS,DCO_MOS_Bv6v4--Bilby_DNA2_280312_Bv6v4,FALSE,FALSE,TRUE
DCO_MOS,DCO_MOS_Bv6v4--U12N_10_tunnel,FALSE,FALSE,TRUE
DCO_MOS,DCO_MOS_Av6v4--BLM_1A,FALSE,FALSE,TRUE
DCO_MOS,DCO_MOS_Bv6v4--BLM_1B,FALSE,FALSE,TRUE
DCO_MOS,DCO_MOS_Bv6v4--ER_EC_11,FALSE,FALSE,TRUE
DCO_MOS,DCO_MOS_Bv6v4--Nevares_DW2B,FALSE,FALSE,TRUE
DCO_ONS,DCO_ONS_Av4v5--A_BE326FW010813_cap,FALSE,FALSE,TRUE
DCO_ONS,DCO_ONS_Av4v5--A_BE326FW080813_cap,FALSE,FALSE,TRUE
DCO_ONS,DCO_ONS_Av4v5--A_BE326FW150813_cap,FALSE,FALSE,TRUE
DCO_ONS,DCO_ONS_Av4v5--A_BE326FW150813MF,FALSE,FALSE,TRUE
DCO_ONS,DCO_ONS_Av4v5--A_BE326FW250111,FALSE,FALSE,TRUE
DCO_ONS,DCO_ONS_Av4v5--A_BE326FW270712,FALSE,FALSE,TRUE
DCO_ONS,DCO_ONS_Av4v5--A_DR5IPC280513,FALSE,FALSE,TRUE
DCO_ONS,DCO_ONS_Av4v5--A_DR5IPC280711,FALSE,FALSE,TRUE
DCO_ONS,DCO_ONS_Bv4v5--B_BE326FW010813_cap,FALSE,FALSE,TRUE
DCO_ONS,DCO_ONS_Bv4v5--B_BE326FW010813_cap_2,FALSE,FALSE,TRUE
DCO_ONS,DCO_ONS_Bv4v5--B_BE326FW080813_cap,FALSE,FALSE,TRUE
DCO_ONS,DCO_ONS_Bv4v5--B_BE326FW080813_cap_2,FALSE,FALSE,TRUE
DCO_ONS,DCO_ONS_Bv4v5--B_BE326FW150813_cap,FALSE,FALSE,TRUE
DCO_ONS,DCO_ONS_Bv4v5--B_BE326FW150813_cap_2,FALSE,FALSE,TRUE
DCO_ONS,DCO_ONS_Bv4v5--B_BE326FW150813_MF,FALSE,FALSE,TRUE
DCO_ONS,DCO_ONS_Bv4v5--B_BE326FW150813_MF_2,FALSE,FALSE,TRUE
DCO_ONS,DCO_ONS_Bv4v5--B_BE326FW250111,FALSE,FALSE,TRUE
DCO_ONS,DCO_ONS_Bv4v5--B_BE326FW270712,FALSE,FALSE,TRUE
DCO_ONS,DCO_ONS_Bv4v5--B_DR5IPC280513,FALSE,FALSE,TRUE
DCO_ONS,DCO_ONS_Bv4v5--B_DR5IPC280711,FALSE,FALSE,TRUE
DCO_ORC,DCO_ORC_Bv6--IODP_X336_U1382A_10H4,FALSE,FALSE,TRUE
DCO_ORC,DCO_ORC_Bv6--IODP_X336_U1382A_1H3,FALSE,FALSE,TRUE
DCO_ORC,DCO_ORC_Bv6--IODP_X336_U1382A_2H2,FALSE,FALSE,TRUE
DCO_ORC,DCO_ORC_Bv6--IODP_X336_U1382A_2H4,FALSE,FALSE,TRUE
DCO_ORC,DCO_ORC_Bv6--IODP_X336_U1382A_4H4,FALSE,FALSE,TRUE
DCO_ORC,DCO_ORC_Bv6--IODP_X336_U1382A_7H6,FALSE,FALSE,TRUE
DCO_ORC,DCO_ORC_Bv6--IODP_X336_U1382A_8H6,FALSE,FALSE,TRUE
DCO_ORC,DCO_ORC_Av6v4--Orc4H1,FALSE,FALSE,TRUE
DCO_ORC,DCO_ORC_Av6--IODP_X327_U1362A_21R1A,FALSE,FALSE,TRUE
DCO_ORC,DCO_ORC_Av6--IODP_X327_U1363D_6XCC,FALSE,FALSE,TRUE
DCO_ORC,DCO_ORC_Av6--IODP_X336_U1382B_10H4,FALSE,FALSE,TRUE
DCO_ORC,DCO_ORC_Av6--IODP_X336_U1382B_1H3,FALSE,FALSE,TRUE
DCO_ORC,DCO_ORC_Av6--IODP_X336_U1382B_2H2,FALSE,FALSE,TRUE
DCO_ORC,DCO_ORC_Av6--IODP_X336_U1382B_2H4,FALSE,FALSE,TRUE
DCO_ORC,DCO_ORC_Av6--IODP_X336_U1382B_4H4,FALSE,FALSE,TRUE
DCO_ORC,DCO_ORC_Av6--IODP_X336_U1382B_7H6,FALSE,FALSE,TRUE
DCO_ORC,DCO_ORC_Av6--IODP_X336_U1382B_8H6,FALSE,FALSE,TRUE
DCO_ORC,DCO_ORC_Av6--IODP_X336_U1383C_11R,FALSE,FALSE,TRUE
DCO_ORC,DCO_ORC_Av6--IODP_X336_U1383C_24R,FALSE,FALSE,TRUE
DCO_ORC,DCO_ORC_Av6--IODP_X336_U1383C_30R,FALSE,FALSE,TRUE
DCO_ORC,DCO_ORC_Bv6--IODP_X336_U1383C_11R,FALSE,FALSE,TRUE
DCO_ORC,DCO_ORC_Bv6--IODP_X336_U1383C_24R,FALSE,FALSE,TRUE
DCO_ORC,DCO_ORC_Bv6--IODP_X336_U1383C_30R,FALSE,FALSE,TRUE
DCO_ORC,DCO_ORC_Bv6v4--JdF16R2,FALSE,FALSE,TRUE
DCO_ORC,DCO_ORC_Bv6v4--JdF21R1A,FALSE,FALSE,TRUE
DCO_ORC,DCO_ORC_Bv6v4--JdF21R1B,FALSE,FALSE,TRUE
DCO_ORC,DCO_ORC_Bv6v4--JdF4H2,FALSE,FALSE,TRUE
DCO_ORC,DCO_ORC_Bv6v4--JdF4HCC,FALSE,FALSE,TRUE
DCO_ORC,DCO_ORC_Bv6v4--JdF5X1,FALSE,FALSE,TRUE
DCO_ORC,DCO_ORC_Bv6v4--JdF8X2,FALSE,FALSE,TRUE
DCO_ORC,DCO_ORC_Bv6v4--JdF8X5,FALSE,FALSE,TRUE
DCO_ORC,DCO_ORC_Bv6v4--JdFback,FALSE,FALSE,TRUE
DCO_ORC,DCO_ORC_Bv6v4--NP13501,FALSE,FALSE,TRUE
DCO_ORC,DCO_ORC_Bv6v4--NP13504,FALSE,FALSE,TRUE
DCO_ORC,DCO_ORC_Bv6v4--Orc4H1,FALSE,FALSE,TRUE
DCO_ORC,DCO_ORC_Bv6v4--Orc4H3_upper,FALSE,FALSE,TRUE
DCO_PIN,DCO_PIN_Av4v5--A1_,FALSE,FALSE,TRUE
DCO_PIN,DCO_PIN_Av4v5--A2_,FALSE,FALSE,TRUE
DCO_PIN,DCO_PIN_Av4v5--A3_,FALSE,FALSE,TRUE
DCO_PIN,DCO_PIN_Av4v5--A4_,FALSE,FALSE,TRUE
DCO_PIN,DCO_PIN_Av4v5--A5_,FALSE,FALSE,TRUE
DCO_PIN,DCO_PIN_Av4v5--B1_,FALSE,FALSE,TRUE
DCO_PIN,DCO_PIN_Av4v5--B2_,FALSE,FALSE,TRUE
DCO_PIN,DCO_PIN_Av4v5--B3_,FALSE,FALSE,TRUE
DCO_PIN,DCO_PIN_Av4v5--B4_,FALSE,FALSE,TRUE
DCO_PIN,DCO_PIN_Av4v5--B5_,FALSE,FALSE,TRUE
DCO_PIN,DCO_PIN_Av4v5--B6_,FALSE,FALSE,TRUE
DCO_PIN,DCO_PIN_Bv4v5--DCO_PIN_Bv4v5,FALSE,FALSE,TRUE
DCO_RAM,DCO_RAM_Av6v4--MSM16_2_809_1_MUC,FALSE,FALSE,TRUE
DCO_RAM,DCO_RAM_Av6v4--MSM16_2_823_1_MUC,FALSE,FALSE,TRUE
DCO_RAM,DCO_RAM_Av6v4--MSM16_2_838_1_MUC,FALSE,FALSE,TRUE
DCO_RAM,DCO_RAM_Av6v4--MSM16_2_847_1_MUC,FALSE,FALSE,TRUE
DCO_RAM,DCO_RAM_Av6v4--MSM16_2_855_1_MUC,FALSE,FALSE,TRUE
DCO_RAM,DCO_RAM_Av6v4--PS64_312_1_MUC,FALSE,FALSE,TRUE
DCO_RAM,DCO_RAM_Av6v4--PS64_317_PUC_17,FALSE,FALSE,TRUE
DCO_RAM,DCO_RAM_Av6v4--PS64_326_PUC_12,FALSE,FALSE,TRUE
DCO_RAM,DCO_RAM_Av6v4--PS64_332_1_GC,FALSE,FALSE,TRUE
DCO_RAM,DCO_RAM_Av6v4--PS64_336_1_GC,FALSE,FALSE,TRUE
DCO_RAM,DCO_RAM_Av6v4--PS64_371_1_GC,FALSE,FALSE,TRUE
DCO_RAM,DCO_RAM_Av6v4--PS64_372_1_GC,FALSE,FALSE,TRUE
DCO_RAM,DCO_RAM_Av6v4--PS64_373_1_GC,FALSE,FALSE,TRUE
DCO_RAM,DCO_RAM_Av6v4--PS74_2_168_1_MUC,FALSE,FALSE,TRUE
DCO_RAM,DCO_RAM_Av6v4--PS74_2_169_1_PUC3,FALSE,FALSE,TRUE
DCO_RAM,DCO_RAM_Av6v4--PS74_2_172_1_PUC131,FALSE,FALSE,TRUE
DCO_RAM,DCO_RAM_Bv6v4--MSM16_2_809_1_MUC,FALSE,FALSE,TRUE
DCO_RAM,DCO_RAM_Bv6v4--MSM16_2_823_1_MUC,FALSE,FALSE,TRUE
DCO_RAM,DCO_RAM_Bv6v4--MSM16_2_838_1_MUC,FALSE,FALSE,TRUE
DCO_RAM,DCO_RAM_Bv6v4--MSM16_2_847_1_MUC,FALSE,FALSE,TRUE
DCO_RAM,DCO_RAM_Bv6v4--MSM16_2_855_1_MUC,FALSE,FALSE,TRUE
DCO_RAM,DCO_RAM_Bv6v4--PS64_312_1_MUC,FALSE,FALSE,TRUE
DCO_RAM,DCO_RAM_Bv6v4--PS64_317_PUC_17,FALSE,FALSE,TRUE
DCO_RAM,DCO_RAM_Bv6v4--PS64_326_PUC_12,FALSE,FALSE,TRUE
DCO_RAM,DCO_RAM_Bv6v4--PS64_332_1_GC,FALSE,FALSE,TRUE
DCO_RAM,DCO_RAM_Bv6v4--PS64_336_1_GC,FALSE,FALSE,TRUE
DCO_RAM,DCO_RAM_Bv6v4--PS64_371_1_GC,FALSE,FALSE,TRUE
DCO_RAM,DCO_RAM_Bv6v4--PS64_372_1_GC,FALSE,FALSE,TRUE
DCO_RAM,DCO_RAM_Bv6v4--PS64_373_1_GC,FALSE,FALSE,TRUE
DCO_RAM,DCO_RAM_Bv6v4--PS74_2_168_1_MUC,FALSE,FALSE,TRUE
DCO_RAM,DCO_RAM_Bv6v4--PS74_2_169_1_PUC3,FALSE,FALSE,TRUE
DCO_RAM,DCO_RAM_Bv6v4--PS74_2_172_1_PUC131,FALSE,FALSE,TRUE
DCO_RUS,DCO_RUS_Bv4v5--4_D,FALSE,FALSE,TRUE
DCO_RUS,DCO_RUS_Bv4v5--6_D,FALSE,FALSE,TRUE
DCO_RUS,DCO_RUS_Bv4v5--6_H,FALSE,FALSE,TRUE
DCO_RUS,DCO_RUS_Bv4v5--8_D,FALSE,FALSE,TRUE
DCO_RUS,DCO_RUS_Av4v5--O_12,FALSE,FALSE,TRUE
DCO_RUS,DCO_RUS_Av4v5--O_3,FALSE,FALSE,TRUE
DCO_RUS,DCO_RUS_Bv4v5--O_12,FALSE,FALSE,TRUE
DCO_RUS,DCO_RUS_Bv4v5--O_3,FALSE,FALSE,TRUE
DCO_SAR,DCO_SAR_Bv4v5--A1_,FALSE,FALSE,TRUE
DCO_SAR,DCO_SAR_Bv4v5--A2_,FALSE,FALSE,TRUE
DCO_SAR,DCO_SAR_Bv4v5--A3_,FALSE,FALSE,TRUE
DCO_SAR,DCO_SAR_Bv4v5--A4_,FALSE,FALSE,TRUE
DCO_SAR,DCO_SAR_Bv4v5--A5_,FALSE,FALSE,TRUE
DCO_SAR,DCO_SAR_Bv4v5--B1_,FALSE,FALSE,TRUE
DCO_SAR,DCO_SAR_Bv4v5--B2_,FALSE,FALSE,TRUE
DCO_SAR,DCO_SAR_Bv4v5--B3_,FALSE,FALSE,TRUE
DCO_SAR,DCO_SAR_Bv4v5--B4_,FALSE,FALSE,TRUE
DCO_SAR,DCO_SAR_Bv4v5--B5_,FALSE,FALSE,TRUE
DCO_SAR,DCO_SAR_Bv4v5--B6_,FALSE,FALSE,TRUE
DCO_SYL,DCO_SYL_Bv6v4--1373_DF_Bac,FALSE,FALSE,TRUE
DCO_SYL,DCO_SYL_Bv6v4--1374_14R_Bac,FALSE,FALSE,TRUE
DCO_SYL,DCO_SYL_Bv6v4--1374_20R_Bac,FALSE,FALSE,TRUE
DCO_SYL,DCO_SYL_Bv6v4--1374_27R_Bac,FALSE,FALSE,TRUE
DCO_SYL,DCO_SYL_Bv6v4--1374_31R_Bac,FALSE,FALSE,TRUE
DCO_SYL,DCO_SYL_Bv6v4--1374_38R_Bac,FALSE,FALSE,TRUE
DCO_SYL,DCO_SYL_Bv6v4--1374_52R_Bac,FALSE,FALSE,TRUE
DCO_SYL,DCO_SYL_Bv6v4--1374_58R_Bac,FALSE,FALSE,TRUE
DCO_SYL,DCO_SYL_Bv6v4--1374_68R_Bac,FALSE,FALSE,TRUE
DCO_SYL,DCO_SYL_Bv6v4--1374_8R_Bac,FALSE,FALSE,TRUE
DCO_SYL,DCO_SYL_Bv6v4--1376_04R_Bac,FALSE,FALSE,TRUE
DCO_SYL,DCO_SYL_Bv6v4--1376_07R_Bac,FALSE,FALSE,TRUE
DCO_SYL,DCO_SYL_Bv6v4--1376_16R_Bac,FALSE,FALSE,TRUE
DCO_SYL,DCO_SYL_Bv6v4--1376_17R_Bac,FALSE,FALSE,TRUE
DCO_SYL,DCO_SYL_Bv6v4--1376_19R_Bac,FALSE,FALSE,TRUE
DCO_SYL,DCO_SYL_Bv6v4--1376_23R,FALSE,FALSE,TRUE
DCO_TAS,DCO_TAS_Bv4v5--S1_10,FALSE,FALSE,TRUE
DCO_TAS,DCO_TAS_Bv4v5--S1_30,FALSE,FALSE,TRUE
DCO_TAS,DCO_TAS_Bv4v5--S2_10,FALSE,FALSE,TRUE
DCO_TAS,DCO_TAS_Bv4v5--S2_30,FALSE,FALSE,TRUE
DCO_TAS,DCO_TAS_Bv4v5--S3_10,FALSE,FALSE,TRUE
DCO_TAS,DCO_TAS_Bv4v5--S3_30,FALSE,FALSE,TRUE
DCO_TAS,DCO_TAS_Bv4v5--S4_10,FALSE,FALSE,TRUE
DCO_TAS,DCO_TAS_Bv4v5--S4_30,FALSE,FALSE,TRUE
DCO_TAS,DCO_TAS_Bv4v5--S5_10,FALSE,FALSE,TRUE
DCO_TAS,DCO_TAS_Bv4v5--S5_30,FALSE,FALSE,TRUE
DCO_TAS,DCO_TAS_Bv4v5--S6_,FALSE,FALSE,TRUE
DCO_TAS,DCO_TAS_Bv4v5--S7_,FALSE,FALSE,TRUE
DCO_TAS,DCO_TAS_Av4v5--S1_10,FALSE,FALSE,TRUE
DCO_TAS,DCO_TAS_Av4v5--S1_30,FALSE,FALSE,TRUE
DCO_TAS,DCO_TAS_Av4v5--S2_10,FALSE,FALSE,TRUE
DCO_TAS,DCO_TAS_Av4v5--S2_30,FALSE,FALSE,TRUE
DCO_TAS,DCO_TAS_Av4v5--S3_10,FALSE,FALSE,TRUE
DCO_TAS,DCO_TAS_Av4v5--S3_30,FALSE,FALSE,TRUE
DCO_TAS,DCO_TAS_Av4v5--S4_10,FALSE,FALSE,TRUE
DCO_TAS,DCO_TAS_Av4v5--S4_30,FALSE,FALSE,TRUE
DCO_TAS,DCO_TAS_Av4v5--S5_10,FALSE,FALSE,TRUE
DCO_TAS,DCO_TAS_Av4v5--S5_30,FALSE,FALSE,TRUE
DCO_TAS,DCO_TAS_Av4v5--S6_,FALSE,FALSE,TRUE
DCO_TAS,DCO_TAS_Av4v5--S7_,FALSE,FALSE,TRUE
DCO_TCO,DCO_TCO_Av6--TT109FW060311BH2,FALSE,FALSE,FALSE
DCO_TCO,DCO_TCO_Av6--TT109FW060312BH2,FALSE,FALSE,TRUE
DCO_TCO,DCO_TCO_Av6--BE326FW120711BH2,FALSE,FALSE,TRUE
DCO_TCO,DCO_TCO_Av6--BE326FW250111BH2,FALSE,FALSE,TRUE
DCO_TCO,DCO_TCO_Av6--BE326FW270712BH2,FALSE,FALSE,TRUE
DCO_TCO,DCO_TCO_Av6--DR5IPCFW280711,FALSE,FALSE,TRUE
DCO_TCO,DCO_TCO_Av6--FI88FW031012,FALSE,FALSE,TRUE
DCO_TCO,DCO_TCO_Av6--MM51940FW200712,FALSE,FALSE,TRUE
DCO_TCO,DCO_TCO_Av6--NO14FW130912,FALSE,FALSE,TRUE
DCO_TCO,DCO_TCO_Bv6--BE326FW120711BH2,FALSE,FALSE,TRUE
DCO_TCO,DCO_TCO_Bv6--BE326FW250111BH2,FALSE,FALSE,TRUE
DCO_TCO,DCO_TCO_Bv6--BE326FW270712BH2,FALSE,FALSE,TRUE
DCO_TCO,DCO_TCO_Bv6--DR5IPCFW280711,FALSE,FALSE,TRUE
DCO_TCO,DCO_TCO_Bv6--FI88FW031012,FALSE,FALSE,TRUE
DCO_TCO,DCO_TCO_Bv6--MM51940FW200712,FALSE,FALSE,TRUE
DCO_TCO,DCO_TCO_Bv6--NO14FW130912,FALSE,FALSE,TRUE
DCO_TCO,DCO_TCO_Bv6--TT109FW060311BH2,FALSE,FALSE,FALSE
DCO_TIA2,DCO_TIA2_Av4v5--A301GC,FALSE,FALSE,TRUE
DCO_TIA2,DCO_TIA2_Av4v5--A301MO,FALSE,FALSE,TRUE
DCO_TIA2,DCO_TIA2_Av4v5--A302MO,FALSE,FALSE,TRUE
DCO_TIA2,DCO_TIA2_Av4v5--A303GC,FALSE,FALSE,TRUE
DCO_TIA2,DCO_TIA2_Av4v5--A501GC,FALSE,FALSE,TRUE
DCO_TIA2,DCO_TIA2_Av4v5--A501MO,FALSE,FALSE,TRUE
DCO_TIA2,DCO_TIA2_Av4v5--A502GCA,FALSE,FALSE,TRUE
DCO_TIA2,DCO_TIA2_Av4v5--A502GCB,FALSE,FALSE,TRUE
DCO_TIA2,DCO_TIA2_Av4v5--A502MO,FALSE,FALSE,TRUE
DCO_TIA2,DCO_TIA2_Av4v5--A502MOB,FALSE,FALSE,TRUE
DCO_TIA2,DCO_TIA2_Bv4v5--A301GC,FALSE,FALSE,TRUE
DCO_TIA2,DCO_TIA2_Bv4v5--A301MO,FALSE,FALSE,TRUE
DCO_TIA2,DCO_TIA2_Bv4v5--A302MO,FALSE,FALSE,TRUE
DCO_TIA2,DCO_TIA2_Bv4v5--A303GC,FALSE,FALSE,TRUE
DCO_TIA2,DCO_TIA2_Bv4v5--A501GC,FALSE,FALSE,TRUE
DCO_TIA2,DCO_TIA2_Bv4v5--A501MO,FALSE,FALSE,TRUE
DCO_TIA2,DCO_TIA2_Bv4v5--A502GCA,FALSE,FALSE,TRUE
DCO_TIA2,DCO_TIA2_Bv4v5--A502GCB,FALSE,FALSE,TRUE
DCO_TIA2,DCO_TIA2_Bv4v5--A502MO,FALSE,FALSE,TRUE
DCO_TIA2,DCO_TIA2_Bv4v5--A502MOB,FALSE,FALSE,TRUE
DCO_WAL,DCO_WAL_Bv6v4--BS_5.5_B,FALSE,FALSE,TRUE
DCO_WAL,DCO_WAL_Bv6v4--BS_7.5_B,FALSE,FALSE,TRUE
DCO_WAL,DCO_WAL_Av6v4--BS_1A,FALSE,FALSE,TRUE
DCO_WAL,DCO_WAL_Av6v4--BS_2A,FALSE,FALSE,TRUE
DCO_WAL,DCO_WAL_Av6v4--BS_3A,FALSE,FALSE,TRUE
DCO_WAL,DCO_WAL_Av6v4--BS_4A,FALSE,FALSE,TRUE
DCO_WAL,DCO_WAL_Av6v4--BS_5.5A,FALSE,FALSE,TRUE
DCO_WAL,DCO_WAL_Av6v4--BS_5A,FALSE,FALSE,TRUE
DCO_WAL,DCO_WAL_Av6v4--BS_6A,FALSE,FALSE,TRUE
DCO_WAL,DCO_WAL_Av6v4--BS_7.5A,FALSE,FALSE,TRUE
DCO_WAL,DCO_WAL_Av6v4--BS_7A,FALSE,FALSE,TRUE
DCO_WAL,DCO_WAL_Av6v4--BS_8A,FALSE,FALSE,TRUE
DCO_WAL,DCO_WAL_Bv6v4--Bering_1_Bv6v4,FALSE,FALSE,TRUE
DCO_WAL,DCO_WAL_Bv6v4--Bering_2_Bv6v4,FALSE,FALSE,TRUE
DCO_WAL,DCO_WAL_Bv6v4--Bering_3_Bv6v4,FALSE,FALSE,TRUE
DCO_WAL,DCO_WAL_Bv6v4--Bering_4_Bv6v4,FALSE,FALSE,TRUE
DCO_WAL,DCO_WAL_Bv6v4--Bering_5_Bv6v4,FALSE,FALSE,TRUE
DCO_WAL,DCO_WAL_Bv6v4--Bering_6_Bv6v4,FALSE,FALSE,TRUE
DCO_WAL,DCO_WAL_Bv6v4--Bering_7_Bv6v4,FALSE,FALSE,TRUE
DCO_WAL,DCO_WAL_Bv6v4--Bering_8_Bv6v4,FALSE,FALSE,TRUE
DCO_BKR,DCO_BKR_Av4v5--Aar_DrillFluid_59E_NC,TRUE,FALSE,FALSE
DCO_BKR,DCO_BKR_Bv4v5--Aar_DrillFluid_59E_NC,TRUE,FALSE,FALSE
DCO_BKR,DCO_BKR_Bv4v5--Knox_DrillFluid_63E_NC,TRUE,FALSE,FALSE
DCO_BPC,DCO_BPC_Bv6--1382B_DNA_BLANK_A2_1step_20140530,TRUE,FALSE,FALSE
DCO_BPC,DCO_BPC_Bv6--1382B_DNA_BLANK_A2_2step_20140529,TRUE,FALSE,FALSE
DCO_BPC,DCO_BPC_Bv6--Ecoli_DH10_2step_20140506,TRUE,FALSE,FALSE
DCO_BPC,DCO_BPC_Bv6--IODP336_82A_2H4_2step_20140506,TRUE,FALSE,FALSE
DCO_BPC,DCO_BPC_Bv6--IODP336_82A_7H6_2step_20140506,TRUE,FALSE,FALSE
DCO_BPC,DCO_BPC_Bv6--IODP336_82B_10H4_A2_1step_20140530,TRUE,FALSE,FALSE
DCO_BPC,DCO_BPC_Bv6--IODP336_82B_10H4_A2_2step_20140529,TRUE,FALSE,FALSE
DCO_BPC,DCO_BPC_Bv6--IODP336_82B_1H3_A2_1step_20140530,TRUE,FALSE,FALSE
DCO_BPC,DCO_BPC_Bv6--IODP336_82B_1H3_A2_2step_20140529,TRUE,FALSE,FALSE
DCO_BPC,DCO_BPC_Bv6--IODP336_82B_1H4_1step_20140530,TRUE,FALSE,FALSE
DCO_BPC,DCO_BPC_Bv6--IODP336_82B_1H4_2step_20140529,TRUE,FALSE,FALSE
DCO_BPC,DCO_BPC_Bv6--IODP336_82B_2H2_A2_1step_20140530,TRUE,FALSE,FALSE
DCO_BPC,DCO_BPC_Bv6--IODP336_82B_2H2_A2_2step_20140529,TRUE,FALSE,FALSE
DCO_BPC,DCO_BPC_Bv6--IODP336_82B_2H4_A2_1step_20140530,TRUE,FALSE,FALSE
DCO_BPC,DCO_BPC_Bv6--IODP336_82B_2H4_A2_2step_20140529,TRUE,FALSE,FALSE
DCO_BPC,DCO_BPC_Bv6--IODP336_82B_4H4_A2_1step_20140530,TRUE,FALSE,FALSE
DCO_BPC,DCO_BPC_Bv6--IODP336_82B_4H4_A2_2step_20140529,TRUE,FALSE,FALSE
DCO_BPC,DCO_BPC_Bv6--IODP336_82B_6H3_1step_20140530,TRUE,FALSE,FALSE
DCO_BPC,DCO_BPC_Bv6--IODP336_82B_6H3_2step_20140529,TRUE,FALSE,FALSE
DCO_BPC,DCO_BPC_Bv6--IODP336_82B_7H6_A2_1step_20140530,TRUE,FALSE,FALSE
DCO_BPC,DCO_BPC_Bv6--IODP336_82B_7H6_A2_2step_20140529,TRUE,FALSE,FALSE
DCO_BPC,DCO_BPC_Bv6--IODP336_82B_8H6_A2_1step_20140530,TRUE,FALSE,FALSE
DCO_BPC,DCO_BPC_Bv6--IODP336_82B_8H6_A2_2step_20140529,TRUE,FALSE,FALSE
DCO_BPC,DCO_BPC_Bv6--IODP336_82B_9H4_1step_20140530,TRUE,FALSE,FALSE
DCO_BPC,DCO_BPC_Bv6--IODP336_82B_9H4_2step_20140529,TRUE,FALSE,FALSE
DCO_BPC,DCO_BPC_Bv6--IODP336_83C_30R_2step_20140506,TRUE,FALSE,FALSE
DCO_BPC,DCO_BPC_Bv6--IODP336_83D_2H3_1step_20140530,TRUE,FALSE,FALSE
DCO_BPC,DCO_BPC_Bv6--IODP336_83D_2H3_2step_20140529,TRUE,FALSE,FALSE
DCO_BPC,DCO_BPC_Bv6--IODP336_83D_4H2_1step_20140530,TRUE,FALSE,FALSE
DCO_BPC,DCO_BPC_Bv6--IODP336_83D_4H2_2step_20140529,TRUE,FALSE,FALSE
DCO_BPC,DCO_BPC_Bv6--IODP336_83D_5H4_1step_20140530,TRUE,FALSE,FALSE
DCO_BPC,DCO_BPC_Bv6--IODP336_83D_5H4_2step_20140529,TRUE,FALSE,FALSE
DCO_BPC,DCO_BPC_Bv6--LD09_2_3_2step_20140506,TRUE,FALSE,FALSE
DCO_BPC,DCO_BPC_Bv6--LI13_2_2step_20140506,TRUE,FALSE,FALSE
DCO_BPC,DCO_BPC_Bv6--LO13_8_2step_20140506,TRUE,FALSE,FALSE
DCO_BPC,DCO_BPC_Bv6--Ntc_1step_20140530,TRUE,FALSE,FALSE
DCO_BPC,DCO_BPC_Bv6--Ntc_2step_20140506,TRUE,FALSE,FALSE
DCO_BPC,DCO_BPC_Bv6--Ntc_2step_20140529,TRUE,FALSE,FALSE
DCO_BPC,DCO_BPC_Bv6--OL_KR55_2step_20140506,TRUE,FALSE,FALSE
DCO_BPC,DCO_BPC_Bv6--REA_HDF_1step_20140530,TRUE,FALSE,FALSE
DCO_BPC,DCO_BPC_Bv6--REA_HDF_2step_20140529,TRUE,FALSE,FALSE
DCO_BPC,DCO_BPC_Bv6--SURE3_C2_2_3_1_2step_20140506,TRUE,FALSE,FALSE
DCO_BPC,DCO_BPC_Bv6--TWNCO2_1956m_2step_20140506,TRUE,FALSE,FALSE
DCO_BPC,DCO_BPC_Bv6--TWNCO2_2003m_2step_20140506,TRUE,FALSE,FALSE
DCO_BPC,DCO_BPC_Bv6--TWNCO2_2419m_2step_20140506,TRUE,FALSE,FALSE
DCO_BPC,DCO_BPC_Bv6--TWNCO2_2496m_2step_20140506,TRUE,FALSE,FALSE
DCO_BRG,DCO_BRG_Bv6v4--20110907_B_TGCAG,TRUE,FALSE,FALSE
DCO_BRZ,DCO_BRZ_Av4v5--A4B1_Arch,FALSE,FALSE,FALSE
DCO_BRZ,DCO_BRZ_Av4v5--A4B5_Arch,FALSE,FALSE,FALSE
DCO_BRZ,DCO_BRZ_Av4v5--B30_1_Arch,FALSE,FALSE,FALSE
DCO_BRZ,DCO_BRZ_Av4v5--B30_2_Arch,FALSE,FALSE,FALSE
DCO_BRZ,DCO_BRZ_Av4v5--B30_3_Arch,FALSE,FALSE,FALSE
DCO_BRZ,DCO_BRZ_Av4v5--B30_4_Arch,FALSE,FALSE,FALSE
DCO_BRZ,DCO_BRZ_Av4v5--B30_5_Arch,FALSE,FALSE,FALSE
DCO_BRZ,DCO_BRZ_Av4v5--CRO_CSW10R_Feb2015,FALSE,FALSE,FALSE
DCO_BRZ,DCO_BRZ_Av4v5--CRO_CSW1R_Feb2015,FALSE,FALSE,FALSE
DCO_BRZ,DCO_BRZ_Av4v5--CRO_CSW2R_Feb2015,FALSE,FALSE,FALSE
DCO_BRZ,DCO_BRZ_Av4v5--CRO_QV42R_Feb2015,FALSE,FALSE,FALSE
DCO_BRZ,DCO_BRZ_Av4v5--MCR_1354_RED,FALSE,FALSE,FALSE
DCO_BRZ,DCO_BRZ_Av4v5--MCR_1354_SFC,FALSE,FALSE,FALSE
DCO_BRZ,DCO_BRZ_Av4v5--Serp_CRO_8A_Apr11_Av4v5,FALSE,FALSE,FALSE
DCO_BRZ,DCO_BRZ_Av4v5--Serp_CRO_8A_Aug11_Av4v5,FALSE,FALSE,FALSE
DCO_BRZ,DCO_BRZ_Av4v5--Serp_CRO_8B_AprC11_Av4v5,FALSE,FALSE,FALSE
DCO_BRZ,DCO_BRZ_Av4v5--Serp_CRO_8B_AprD11_Av4v5,FALSE,FALSE,FALSE
DCO_BRZ,DCO_BRZ_Av4v5--Serp_CRO_B08B_C_Mar13,FALSE,FALSE,FALSE
DCO_BRZ,DCO_BRZ_Av4v5--Serp_CRO_CarboyBlank_Mar13,TRUE,FALSE,FALSE
DCO_BRZ,DCO_BRZ_Av4v5--Serp_CRO_CSW_Aug11_Av4v5,FALSE,FALSE,FALSE
DCO_BRZ,DCO_BRZ_Av4v5--Serp_CRO_CSW_old_C_Mar13,FALSE,FALSE,FALSE
DCO_BRZ,DCO_BRZ_Av4v5--Serp_CRO_CSW_soil1R_Mar2014,FALSE,FALSE,FALSE
DCO_BRZ,DCO_BRZ_Av4v5--Serp_CRO_CSW_soil2R_Mar2014,FALSE,FALSE,FALSE
DCO_BRZ,DCO_BRZ_Av4v5--Serp_CRO_CSW1_1A_Mar13,FALSE,FALSE,FALSE
DCO_BRZ,DCO_BRZ_Av4v5--Serp_CRO_CSW1_2A_Mar13,FALSE,FALSE,FALSE
DCO_BRZ,DCO_BRZ_Av4v5--Serp_CRO_CSW1_3B_Mar13,FALSE,FALSE,FALSE
DCO_BRZ,DCO_BRZ_Av4v5--Serp_CRO_CSW1_4A_Mar13,FALSE,FALSE,FALSE
DCO_BRZ,DCO_BRZ_Av4v5--Serp_CRO_CSW1_5A_Mar13,FALSE,FALSE,FALSE
DCO_BRZ,DCO_BRZ_Av4v5--Serp_CRO_CSW12C_Mar13,FALSE,FALSE,FALSE
DCO_BRZ,DCO_BRZ_Av4v5--Serp_CRO_CSW13R_Av4v5,FALSE,FALSE,FALSE
DCO_BRZ,DCO_BRZ_Av4v5--Serp_CRO_CSW14R_Av4v5,FALSE,FALSE,FALSE
DCO_BRZ,DCO_BRZ_Av4v5--Serp_CRO_CSW19R_Av4v5,FALSE,FALSE,FALSE
DCO_BRZ,DCO_BRZ_Av4v5--Serp_CRO_CSW1R,FALSE,FALSE,FALSE
DCO_BRZ,DCO_BRZ_Av4v5--Serp_CRO_CSW24R_Av4v5,FALSE,FALSE,FALSE
DCO_BRZ,DCO_BRZ_Av4v5--Serp_CRO_CSW2R,FALSE,FALSE,FALSE
DCO_BRZ,DCO_BRZ_Av4v5--Serp_CRO_CSWold_11_11_Av4v5,FALSE,FALSE,FALSE
DCO_BRZ,DCO_BRZ_Av4v5--Serp_CRO_CSWoldA_Mar13,FALSE,FALSE,FALSE
DCO_BRZ,DCO_BRZ_Av4v5--Serp_CRO_CSWoldB_Mar13,FALSE,FALSE,FALSE
DCO_BRZ,DCO_BRZ_Av4v5--Serp_CRO_CSWoldT0_Mar13,FALSE,FALSE,FALSE
DCO_BRZ,DCO_BRZ_Av4v5--Serp_CRO_CSWwell_Aug11_Av4v5,FALSE,FALSE,FALSE
DCO_BRZ,DCO_BRZ_Av4v5--Serp_CRO_N08A_A_Mar13,FALSE,FALSE,FALSE
DCO_BRZ,DCO_BRZ_Av4v5--Serp_CRO_N08A_Apr11_Av4v5,FALSE,FALSE,FALSE
DCO_BRZ,DCO_BRZ_Av4v5--Serp_CRO_N08A_Aug11_Av4v5,FALSE,FALSE,FALSE
DCO_BRZ,DCO_BRZ_Av4v5--Serp_CRO_N08AB_Mar13,FALSE,FALSE,FALSE
DCO_BRZ,DCO_BRZ_Av4v5--Serp_CRO_N08BA_Mar13,FALSE,FALSE,FALSE
DCO_BRZ,DCO_BRZ_Av4v5--Serp_CRO_N08BB_Mar13,FALSE,FALSE,FALSE
DCO_BRZ,DCO_BRZ_Av4v5--Serp_CRO_N08C_B_Mar13,FALSE,FALSE,FALSE
DCO_BRZ,DCO_BRZ_Av4v5--Serp_CRO_N08CA_Mar13,FALSE,FALSE,FALSE
DCO_BRZ,DCO_BRZ_Av4v5--Serp_CRO_N08T0_Mar13,FALSE,FALSE,FALSE
DCO_BRZ,DCO_BRZ_Av4v5--Serp_CRO_QV_soil1R_Mar2014,FALSE,FALSE,FALSE
DCO_BRZ,DCO_BRZ_Av4v5--Serp_CRO_QV_soil2R_Mar2014,FALSE,FALSE,FALSE
DCO_BRZ,DCO_BRZ_Av4v5--Serp_CRO_QV05R_Av4v5,FALSE,FALSE,FALSE
DCO_BRZ,DCO_BRZ_Av4v5--Serp_CRO_QV07R_Av4v5,FALSE,FALSE,FALSE
DCO_BRZ,DCO_BRZ_Av4v5--Serp_CRO_QV1_1A_Mar13,FALSE,FALSE,FALSE
DCO_BRZ,DCO_BRZ_Av4v5--Serp_CRO_QV1_2B_Mar13,FALSE,FALSE,FALSE
DCO_BRZ,DCO_BRZ_Av4v5--Serp_CRO_QV1_3B_Mar13,FALSE,FALSE,FALSE
DCO_BRZ,DCO_BRZ_Av4v5--Serp_CRO_QV11R_Av4v5,FALSE,FALSE,FALSE
DCO_BRZ,DCO_BRZ_Av4v5--Serp_CRO_QV11R_Mar2014,FALSE,FALSE,FALSE
DCO_BRZ,DCO_BRZ_Av4v5--Serp_CRO_QV13R,FALSE,FALSE,FALSE
DCO_BRZ,DCO_BRZ_Av4v5--Serp_CRO_QV13R_Mar2014,FALSE,FALSE,FALSE
DCO_BRZ,DCO_BRZ_Av4v5--Serp_CRO_QV16R_Av4v5,FALSE,FALSE,FALSE
DCO_BRZ,DCO_BRZ_Av4v5--Serp_CRO_QV18R_Av4v5,FALSE,FALSE,FALSE
DCO_BRZ,DCO_BRZ_Av4v5--Serp_CRO_QV18R_Mar2014,FALSE,FALSE,FALSE
DCO_BRZ,DCO_BRZ_Av4v5--Serp_CRO_QV20R_Av4v5,FALSE,FALSE,FALSE
DCO_BRZ,DCO_BRZ_Av4v5--Serp_CRO_QV21R_Mar2014,FALSE,FALSE,FALSE
DCO_BRZ,DCO_BRZ_Av4v5--Serp_CRO_QV25R_Mar2014,FALSE,FALSE,FALSE
DCO_BRZ,DCO_BRZ_Av4v5--Serp_CRO_QV30R_Av4v5,FALSE,FALSE,FALSE
DCO_BRZ,DCO_BRZ_Av4v5--Serp_CRO_QV30R_Mar2014,FALSE,FALSE,FALSE
DCO_BRZ,DCO_BRZ_Av4v5--Serp_CRO_QV36R_Av4v5,FALSE,FALSE,FALSE
DCO_BRZ,DCO_BRZ_Av4v5--Serp_CRO_QV42R_Av4v5,FALSE,FALSE,FALSE
DCO_BRZ,DCO_BRZ_Av4v5--Serp_CRO_QV42R_Mar2014,FALSE,FALSE,FALSE
DCO_BRZ,DCO_BRZ_Av4v5--Serp_CRO_QV9R,FALSE,FALSE,FALSE
DCO_BRZ,DCO_BRZ_Av4v5--Serp_CRO_tank1_Aug11_Av4v5,FALSE,FALSE,FALSE
DCO_BRZ,DCO_BRZ_Av4v5--Serp_CRO_tank3_Aug11_Av4v5,FALSE,FALSE,FALSE
DCO_BRZ,DCO_BRZ_Av4v5--Serp_CRO_Well8B_Apr11_Av4v5,FALSE,FALSE,FALSE
DCO_BRZ,DCO_BRZ_Av4v5--Serp_CRO11_QV13R_Av4v5,FALSE,FALSE,FALSE
DCO_BRZ,DCO_BRZ_Av4v5--Serp_CRO11_QV21R_Av4v5,FALSE,FALSE,FALSE
DCO_BRZ,DCO_BRZ_Av4v5--Serp_KLT_A4A_091713,FALSE,FALSE,FALSE
DCO_BRZ,DCO_BRZ_Av4v5--Serp_KLT_A4B_3_091713,FALSE,FALSE,FALSE
DCO_BRZ,DCO_BRZ_Av4v5--Serp_KLT_DLB_091613,FALSE,FALSE,FALSE
DCO_BRZ,DCO_BRZ_Av4v5--Serp_KLT_DLB_091713,FALSE,FALSE,FALSE
DCO_BRZ,DCO_BRZ_Av4v5--Serp_LC_2109_1_1_Av4v5,FALSE,FALSE,FALSE
DCO_BRZ,DCO_BRZ_Av4v5--Serp_LC_2109_2_1_Av4v5,FALSE,FALSE,FALSE
DCO_BRZ,DCO_BRZ_Av4v5--Serp_LC_211W_AC_A1_Av4v5,FALSE,FALSE,FALSE
DCO_BRZ,DCO_BRZ_Av4v5--Serp_LC_212E_C_A1_Av4v5,FALSE,FALSE,FALSE
DCO_BRZ,DCO_BRZ_Av4v5--Serp_LC_223I_CE_Av4v5,FALSE,FALSE,FALSE
DCO_BRZ,DCO_BRZ_Av4v5--Serp_LC_231U_A_Av4v5,FALSE,FALSE,FALSE
DCO_BRZ,DCO_BRZ_Av4v5--Serp_LC_234V_ABCE_Av4v5,FALSE,FALSE,FALSE
DCO_BRZ,DCO_BRZ_Av4v5--Serp_LC_237Y_E_A2_Av4v5,FALSE,FALSE,FALSE
DCO_BRZ,DCO_BRZ_Av4v5--Serp_LC_239AB_AC_A2_Av4v5,FALSE,FALSE,FALSE
DCO_BRZ,DCO_BRZ_Av4v5--Serp_LC_242_A2_Av4v5,FALSE,FALSE,FALSE
DCO_BRZ,DCO_BRZ_Av4v5--Serp_LC_5AF_E_A1_Av4v5,FALSE,FALSE,FALSE
DCO_BRZ,DCO_BRZ_Av4v5--Serp_LC_5AF_E_A2_Av4v5,FALSE,FALSE,FALSE
DCO_BRZ,DCO_BRZ_Av4v5--Serp_LC_6AG_A_Av4v5,FALSE,FALSE,FALSE
DCO_BRZ,DCO_BRZ_Av4v5--Serp_LC_BB02_Av4v5,FALSE,FALSE,FALSE
DCO_BRZ,DCO_BRZ_Av4v5--Serp_LC_BB03_Av4v5,FALSE,FALSE,FALSE
DCO_BRZ,DCO_BRZ_Av4v5--Serp_LC_BB10,FALSE,FALSE,FALSE
DCO_BRZ,DCO_BRZ_Av4v5--Serp_LC_BB10_Av4v5,FALSE,FALSE,FALSE
DCO_BRZ,DCO_BRZ_Av4v5--Serp_LC_BB12,FALSE,FALSE,FALSE
DCO_BRZ,DCO_BRZ_Av4v5--Serp_LC_BB13,FALSE,FALSE,FALSE
DCO_BRZ,DCO_BRZ_Av4v5--Serp_LC_BB14,FALSE,FALSE,FALSE
DCO_BRZ,DCO_BRZ_Av4v5--Serp_LC_BB15,FALSE,FALSE,FALSE
DCO_BRZ,DCO_BRZ_Av4v5--Serp_LC_BB16,FALSE,FALSE,FALSE
DCO_BRZ,DCO_BRZ_Av4v5--Serp_LC_BB17,FALSE,FALSE,FALSE
DCO_BRZ,DCO_BRZ_Av4v5--Serp_LC_BB18_Av4v5,FALSE,FALSE,FALSE
DCO_BRZ,DCO_BRZ_Av4v5--Serp_LC_BB20,FALSE,FALSE,FALSE
DCO_BRZ,DCO_BRZ_Av4v5--Serp_LC_BB21,FALSE,FALSE,FALSE
DCO_BRZ,DCO_BRZ_Av4v5--Serp_LC_BB22,FALSE,FALSE,FALSE
DCO_BRZ,DCO_BRZ_Av4v5--Serp_LC_BB25,FALSE,FALSE,FALSE
DCO_BRZ,DCO_BRZ_Av4v5--Serp_LC_BB27_Av4v5,FALSE,FALSE,FALSE
DCO_BRZ,DCO_BRZ_Av4v5--Serp_LC_BB28_Av4v5,FALSE,FALSE,FALSE
DCO_BRZ,DCO_BRZ_Av4v5--Serp_LC_BB31,FALSE,FALSE,FALSE
DCO_BRZ,DCO_BRZ_Av4v5--Serp_LC_BB32,FALSE,FALSE,FALSE
DCO_BRZ,DCO_BRZ_Av4v5--Serp_LC_BB33,FALSE,FALSE,FALSE
DCO_BRZ,DCO_BRZ_Av4v5--Serp_LC_BB35,FALSE,FALSE,FALSE
DCO_BRZ,DCO_BRZ_Av4v5--Serp_LC_BB37,FALSE,FALSE,FALSE
DCO_BRZ,DCO_BRZ_Av4v5--Serp_LC_BB38,FALSE,FALSE,FALSE
DCO_BRZ,DCO_BRZ_Av4v5--Serp_LC_BB4,FALSE,FALSE,FALSE
DCO_BRZ,DCO_BRZ_Av4v5--Serp_LC_BB41,FALSE,FALSE,FALSE
DCO_BRZ,DCO_BRZ_Av4v5--Serp_LC_BB49,FALSE,FALSE,FALSE
DCO_BRZ,DCO_BRZ_Av4v5--Serp_LC_BB8,FALSE,FALSE,FALSE
DCO_BRZ,DCO_BRZ_Av4v5--Serp_LC_BB9,FALSE,FALSE,FALSE
DCO_BRZ,DCO_BRZ_Av4v5--Serp_LC_HO8_2_2_Av4v5,FALSE,FALSE,FALSE
DCO_BRZ,DCO_BRZ_Av4v5--Serp_LC_HO8_3_2_Av4v5,FALSE,FALSE,FALSE
DCO_BRZ,DCO_BRZ_Av4v5--Serp_LC_TW07_Av4v5,FALSE,FALSE,FALSE
DCO_BRZ,DCO_BRZ_Av4v5--Serp_LC_TW08_Av4v5,FALSE,FALSE,FALSE
DCO_BRZ,DCO_BRZ_Av4v5--Serp_LC_TW09_Av4v5,FALSE,FALSE,FALSE
DCO_BRZ,DCO_BRZ_Av4v5--Serp_LC_TW10_Av4v5,FALSE,FALSE,FALSE
DCO_BRZ,DCO_BRZ_Av4v5--Serp_LC1408,FALSE,FALSE,FALSE
DCO_BRZ,DCO_BRZ_Av4v5--Serp_LC3862_1325,FALSE,FALSE,FALSE
DCO_BRZ,DCO_BRZ_Av4v5--Serp_LIG_BR2_back1_Jun12_Av4v5,FALSE,FALSE,FALSE
DCO_BRZ,DCO_BRZ_Av4v5--Serp_LIG_BR2_back2_Jun12_Av4v5,FALSE,FALSE,FALSE
DCO_BRZ,DCO_BRZ_Av4v5--Serp_LIG_BR2_R1R_Mar2014,FALSE,FALSE,FALSE
DCO_BRZ,DCO_BRZ_Av4v5--Serp_LIG_Gor_R1R_Mar2014,FALSE,FALSE,FALSE
DCO_BRZ,DCO_BRZ_Av4v5--Serp_LIG_Gor_R2R_Mar2014,FALSE,FALSE,FALSE
DCO_BRZ,DCO_BRZ_Av4v5--Serp_LIG_Gor_R3R_Mar2014,FALSE,FALSE,FALSE
DCO_BRZ,DCO_BRZ_Av4v5--Serp_LIG_Gor_R4R_Mar2014,FALSE,FALSE,FALSE
DCO_BRZ,DCO_BRZ_Av4v5--Serp_LIG_Gor_R5R_Mar2014,FALSE,FALSE,FALSE
DCO_BRZ,DCO_BRZ_Av4v5--Serp_LIG_Gor_R6R_Mar2014,FALSE,FALSE,FALSE
DCO_BRZ,DCO_BRZ_Av4v5--Serp_LIG_Gor_upA_Jul12_Av4v5,FALSE,FALSE,FALSE
DCO_BRZ,DCO_BRZ_Av4v5--Serp_LIG_Gor_upB_Jul12_Av4v5,FALSE,FALSE,FALSE
DCO_BRZ,DCO_BRZ_Av4v5--Serp_LIG_GOR1_11_65_Oct11_A2_Av4v5,FALSE,FALSE,FALSE
DCO_BRZ,DCO_BRZ_Av4v5--Serp_Lig_GOR1CDEF_2013,FALSE,FALSE,FALSE
DCO_BRZ,DCO_BRZ_Av4v5--Serp_Lig_GORupA_2013,FALSE,FALSE,FALSE
DCO_BRZ,DCO_BRZ_Av4v5--Serp_LIG_L43_upstream_Oct11_Av4v5,FALSE,FALSE,FALSE
DCO_BRZ,DCO_BRZ_Av4v5--Serp_LIG_LER20_11_117_Oct11_A2_Av4v5,FALSE,FALSE,FALSE
DCO_BRZ,DCO_BRZ_Av4v5--Serp_LIG_LER20_lipids2011_Av4v5,FALSE,FALSE,FALSE
DCO_BRZ,DCO_BRZ_Av4v5--Serp_LIG_LER20_LS11_127_Oct11,FALSE,FALSE,FALSE
DCO_BRZ,DCO_BRZ_Av4v5--Serp_LIG_PIO14_11_83_Oct11_A2_Av4v5,FALSE,FALSE,FALSE
DCO_BRZ,DCO_BRZ_Av4v5--Serp_Oman_32Rock,FALSE,FALSE,FALSE
DCO_BRZ,DCO_BRZ_Av4v5--Serp_Oman_Aardvark,FALSE,FALSE,FALSE
DCO_BRZ,DCO_BRZ_Av4v5--Serp_Oman_CornerPocket,FALSE,FALSE,FALSE
DCO_BRZ,DCO_BRZ_Av4v5--Serp_Oman_Triangle,FALSE,FALSE,FALSE
DCO_BRZ,DCO_BRZ_Av4v5--Serp_Oman_WadiInput1,FALSE,FALSE,FALSE
DCO_BRZ,DCO_BRZ_Av4v5--Serp_Oman_WadiInput2,FALSE,FALSE,FALSE
DCO_BRZ,DCO_BRZ_Av4v5--Serp_POR_AC5_Av4v5,FALSE,FALSE,FALSE
DCO_BRZ,DCO_BRZ_Av4v5--Serp_Prony02,FALSE,FALSE,FALSE
DCO_BRZ,DCO_BRZ_Av4v5--Serp_Prony07,FALSE,FALSE,FALSE
DCO_BRZ,DCO_BRZ_Av4v5--Serp_Prony16b,FALSE,FALSE,FALSE
DCO_BRZ,DCO_BRZ_Av4v5--Serp_Prony17b,FALSE,FALSE,FALSE
DCO_BRZ,DCO_BRZ_Av4v5--Serp_Prony24,FALSE,FALSE,FALSE
DCO_BRZ,DCO_BRZ_Av4v5--Serp_Prony25,FALSE,FALSE,FALSE
DCO_BRZ,DCO_BRZ_Av4v5--Serp_Prony26,FALSE,FALSE,FALSE
DCO_BRZ,DCO_BRZ_Av4v5--Serp_Prony27,FALSE,FALSE,FALSE
DCO_BRZ,DCO_BRZ_Av4v5--Serp_Prony28,FALSE,FALSE,FALSE
DCO_BRZ,DCO_BRZ_Av4v5--Serp_Prony29,FALSE,FALSE,FALSE
DCO_BRZ,DCO_BRZ_Av4v5--Serp_Prony30,FALSE,FALSE,FALSE
DCO_BRZ,DCO_BRZ_Av4v5--Serp_QV3R_Mar2014,FALSE,FALSE,FALSE
DCO_BRZ,DCO_BRZ_Av4v5--Serp_QV7R_Mar2014,FALSE,FALSE,FALSE
DCO_BRZ,DCO_BRZ_Av4v5--Serp_SE_MurcielagoUp1_Feb2014,FALSE,FALSE,FALSE
DCO_BRZ,DCO_BRZ_Av4v5--Serp_SE_MurcielagoUp2_Feb2014,FALSE,FALSE,FALSE
DCO_BRZ,DCO_BRZ_Av4v5--Serp_SE_MurcielagoUp3_Feb2014,FALSE,FALSE,FALSE
DCO_BRZ,DCO_BRZ_Av4v5--Serp_SE_PozoAguasCalientes1,FALSE,FALSE,FALSE
DCO_BRZ,DCO_BRZ_Av4v5--Serp_SE_PozoAguasCalientes2,FALSE,FALSE,FALSE
DCO_BRZ,DCO_BRZ_Av4v5--Serp_SE_PozoAguasCalientes3,FALSE,FALSE,FALSE
DCO_BRZ,DCO_BRZ_Av4v5--Serp_SE_PozoMurcielago1,FALSE,FALSE,FALSE
DCO_BRZ,DCO_BRZ_Av4v5--Serp_SE_PozoMurcielago2,FALSE,FALSE,FALSE
DCO_BRZ,DCO_BRZ_Av4v5--Serp_SE_PozoMurcielago3,FALSE,FALSE,FALSE
DCO_BRZ,DCO_BRZ_Av4v5--Serp_SE_PozoNuevo1,FALSE,FALSE,FALSE
DCO_BRZ,DCO_BRZ_Av4v5--Serp_SE_PozoNuevo2,FALSE,FALSE,FALSE
DCO_BRZ,DCO_BRZ_Av4v5--SERP_SE_PozoNuevo3,FALSE,FALSE,FALSE
DCO_BRZ,DCO_BRZ_Av4v5--Serp_SE_Q_Danta1_Mar13,FALSE,FALSE,FALSE
DCO_BRZ,DCO_BRZ_Av4v5--Serp_SE_Q_Danta2_Mar13,FALSE,FALSE,FALSE
DCO_BRZ,DCO_BRZ_Av4v5--Serp_SE_Q_Danta4_Mar13,FALSE,FALSE,FALSE
DCO_BRZ,DCO_BRZ_Av4v5--Serp_SE_QDanta1_Feb2014,FALSE,FALSE,FALSE
DCO_BRZ,DCO_BRZ_Av4v5--Serp_SE_QDanta2_Feb2014,FALSE,FALSE,FALSE
DCO_BRZ,DCO_BRZ_Av4v5--Serp_SE_QDanta3_Feb2014,FALSE,FALSE,FALSE
DCO_BRZ,DCO_BRZ_Av4v5--Serp_SE_QDantaUp1_Feb2014,FALSE,FALSE,FALSE
DCO_BRZ,DCO_BRZ_Av4v5--Serp_SE_QDantaUp2_Feb2014,FALSE,FALSE,FALSE
DCO_BRZ,DCO_BRZ_Av4v5--Serp_SE_QDantaUp3_Feb2014,FALSE,FALSE,FALSE
DCO_BRZ,DCO_BRZ_Av4v5--Serp_SE_RioCalera1_Feb2014,FALSE,FALSE,FALSE
DCO_BRZ,DCO_BRZ_Av4v5--Serp_SE_RioCalera2_Feb2014,FALSE,FALSE,FALSE
DCO_BRZ,DCO_BRZ_Av4v5--Serp_SE_RioCalera3_Feb2014,FALSE,FALSE,FALSE
DCO_BRZ,DCO_BRZ_Av4v5--Serp_SE_Spring_1_Feb2014,FALSE,FALSE,FALSE
DCO_BRZ,DCO_BRZ_Av4v5--Serp_SE_Spring8_2_Feb2014,FALSE,FALSE,FALSE
DCO_BRZ,DCO_BRZ_Av4v5--Serp_SE_Spring8_3_Feb2014,FALSE,FALSE,FALSE
DCO_BRZ,DCO_BRZ_Av4v5--Serp_SE_Spring8_4_Feb2014,FALSE,FALSE,FALSE
DCO_BRZ,DCO_BRZ_Av4v5--Serp_SE_Spring8_Mar13,FALSE,FALSE,FALSE
DCO_BRZ,DCO_BRZ_Av4v5--Serp_SE_Spring9_1_Feb2014,FALSE,FALSE,FALSE
DCO_BRZ,DCO_BRZ_Av4v5--Serp_SE_Spring9_2_Feb2014,FALSE,FALSE,FALSE
DCO_BRZ,DCO_BRZ_Av4v5--Serp_SE_Spring9_3_Feb2014,FALSE,FALSE,FALSE
DCO_BRZ,DCO_BRZ_Av4v5--Serp_SE_Spring9_Mar13,FALSE,FALSE,FALSE
DCO_BRZ,DCO_BRZ_Av4v5--Serp_TL_WHC2ab_6_12_Av4v5,FALSE,FALSE,FALSE
DCO_BRZ,DCO_BRZ_Av4v5--Serp_TL_WHC2ab_7_12_Av4v5,FALSE,FALSE,FALSE
DCO_BRZ,DCO_BRZ_Av4v5--Serp_TL_WHC2ab_8_12_Av4v5,FALSE,FALSE,FALSE
DCO_BRZ,DCO_BRZ_Av4v5--Serp_TL_WHC2ab_9_12_Av4v5,FALSE,FALSE,FALSE
DCO_BRZ,DCO_BRZ_Av4v5--Serp_TL_WHC2b_1_5_12_Av4v5,FALSE,FALSE,FALSE
DCO_BRZ,DCO_BRZ_Av4v5--Serp_TL_WHC2B_Aug10,FALSE,FALSE,FALSE
DCO_BRZ,DCO_BRZ_Av4v5--Serp_TL10_57_Av4v5,FALSE,FALSE,FALSE
DCO_BRZ,DCO_BRZ_Bv4v5--A4D1_Bac,FALSE,FALSE,FALSE
DCO_BRZ,DCO_BRZ_Bv4v5--Blank_Dialysis_New,TRUE,FALSE,FALSE
DCO_BRZ,DCO_BRZ_Bv4v5--Blank_Dialysis_Old,TRUE,FALSE,FALSE
DCO_BRZ,DCO_BRZ_Bv4v5--CRO_CSW10R_Dec14,FALSE,FALSE,FALSE
DCO_BRZ,DCO_BRZ_Bv4v5--CRO_CSW14R_Dec14,FALSE,FALSE,FALSE
DCO_BRZ,DCO_BRZ_Bv4v5--CRO_CSW1R_Dec14,FALSE,FALSE,FALSE
DCO_BRZ,DCO_BRZ_Bv4v5--CRO_CSW2R_Dec14,FALSE,FALSE,FALSE
DCO_BRZ,DCO_BRZ_Bv4v5--CRO_ISA,FALSE,FALSE,FALSE
DCO_BRZ,DCO_BRZ_Bv4v5--CRO_ISAA,FALSE,FALSE,FALSE
DCO_BRZ,DCO_BRZ_Bv4v5--CRO_ISAB,FALSE,FALSE,FALSE
DCO_BRZ,DCO_BRZ_Bv4v5--CRO_ISAC,FALSE,FALSE,FALSE
DCO_BRZ,DCO_BRZ_Bv4v5--CRO_ISAD,FALSE,FALSE,FALSE
DCO_BRZ,DCO_BRZ_Bv4v5--CRO_ISAE,FALSE,FALSE,FALSE
DCO_BRZ,DCO_BRZ_Bv4v5--CRO_ISAF,FALSE,FALSE,FALSE
DCO_BRZ,DCO_BRZ_Bv4v5--CRO_ISAG,FALSE,FALSE,FALSE
DCO_BRZ,DCO_BRZ_Bv4v5--CRO_ISAH,FALSE,FALSE,FALSE
DCO_BRZ,DCO_BRZ_Bv4v5--CRO_ISAI,FALSE,FALSE,FALSE
DCO_BRZ,DCO_BRZ_Bv4v5--CRO_ISAJ,FALSE,FALSE,FALSE
DCO_BRZ,DCO_BRZ_Bv4v5--CRO_ISB,FALSE,FALSE,FALSE
DCO_BRZ,DCO_BRZ_Bv4v5--CRO_ISC,FALSE,FALSE,FALSE
DCO_BRZ,DCO_BRZ_Bv4v5--CRO_ISD,FALSE,FALSE,FALSE
DCO_BRZ,DCO_BRZ_Bv4v5--CRO_ISE,FALSE,FALSE,FALSE
DCO_BRZ,DCO_BRZ_Bv4v5--CRO_ISF,FALSE,FALSE,FALSE
DCO_BRZ,DCO_BRZ_Bv4v5--CRO_ISG,FALSE,FALSE,FALSE
DCO_BRZ,DCO_BRZ_Bv4v5--CRO_ISH,FALSE,FALSE,FALSE
DCO_BRZ,DCO_BRZ_Bv4v5--CRO_ISI,FALSE,FALSE,FALSE
DCO_BRZ,DCO_BRZ_Bv4v5--CRO_ISJ,FALSE,FALSE,FALSE
DCO_BRZ,DCO_BRZ_Bv4v5--CRO_ISK,FALSE,FALSE,FALSE
DCO_BRZ,DCO_BRZ_Bv4v5--CRO_ISL,FALSE,FALSE,FALSE
DCO_BRZ,DCO_BRZ_Bv4v5--CRO_ISM,FALSE,FALSE,FALSE
DCO_BRZ,DCO_BRZ_Bv4v5--CRO_ISN,FALSE,FALSE,FALSE
DCO_BRZ,DCO_BRZ_Bv4v5--CRO_ISO,FALSE,FALSE,FALSE
DCO_BRZ,DCO_BRZ_Bv4v5--CRO_ISP,FALSE,FALSE,FALSE
DCO_BRZ,DCO_BRZ_Bv4v5--CRO_ISQ,FALSE,FALSE,FALSE
DCO_BRZ,DCO_BRZ_Bv4v5--CRO_ISR,FALSE,FALSE,FALSE
DCO_BRZ,DCO_BRZ_Bv4v5--CRO_ISS,FALSE,FALSE,FALSE
DCO_BRZ,DCO_BRZ_Bv4v5--CRO_IST,FALSE,FALSE,FALSE
DCO_BRZ,DCO_BRZ_Bv4v5--CRO_ISU,FALSE,FALSE,FALSE
DCO_BRZ,DCO_BRZ_Bv4v5--CRO_ISV,FALSE,FALSE,FALSE
DCO_BRZ,DCO_BRZ_Bv4v5--CRO_ISW,FALSE,FALSE,FALSE
DCO_BRZ,DCO_BRZ_Bv4v5--CRO_ISX,FALSE,FALSE,FALSE
DCO_BRZ,DCO_BRZ_Bv4v5--CRO_ISY,FALSE,FALSE,FALSE
DCO_BRZ,DCO_BRZ_Bv4v5--CRO_ISZ,FALSE,FALSE,FALSE
DCO_BRZ,DCO_BRZ_Bv4v5--CRO_MC1,FALSE,FALSE,FALSE
DCO_BRZ,DCO_BRZ_Bv4v5--CRO_MC10,FALSE,FALSE,FALSE
DCO_BRZ,DCO_BRZ_Bv4v5--CRO_MC11,FALSE,FALSE,FALSE
DCO_BRZ,DCO_BRZ_Bv4v5--CRO_MC12,FALSE,FALSE,FALSE
DCO_BRZ,DCO_BRZ_Bv4v5--CRO_MC13,FALSE,FALSE,FALSE
DCO_BRZ,DCO_BRZ_Bv4v5--CRO_MC14,FALSE,FALSE,FALSE
DCO_BRZ,DCO_BRZ_Bv4v5--CRO_MC15,FALSE,FALSE,FALSE
DCO_BRZ,DCO_BRZ_Bv4v5--CRO_MC16,FALSE,FALSE,FALSE
DCO_BRZ,DCO_BRZ_Bv4v5--CRO_MC17,FALSE,FALSE,FALSE
DCO_BRZ,DCO_BRZ_Bv4v5--CRO_MC18,FALSE,FALSE,FALSE
DCO_BRZ,DCO_BRZ_Bv4v5--CRO_MC19,FALSE,FALSE,FALSE
DCO_BRZ,DCO_BRZ_Bv4v5--CRO_MC2,FALSE,FALSE,FALSE
DCO_BRZ,DCO_BRZ_Bv4v5--CRO_MC20,FALSE,FALSE,FALSE
DCO_BRZ,DCO_BRZ_Bv4v5--CRO_MC22,FALSE,FALSE,FALSE
DCO_BRZ,DCO_BRZ_Bv4v5--CRO_MC23,FALSE,FALSE,FALSE
DCO_BRZ,DCO_BRZ_Bv4v5--CRO_MC24,FALSE,FALSE,FALSE
DCO_BRZ,DCO_BRZ_Bv4v5--CRO_MC25,FALSE,FALSE,FALSE
DCO_BRZ,DCO_BRZ_Bv4v5--CRO_MC26,FALSE,FALSE,FALSE
DCO_BRZ,DCO_BRZ_Bv4v5--CRO_MC27,FALSE,FALSE,FALSE
DCO_BRZ,DCO_BRZ_Bv4v5--CRO_MC28,FALSE,FALSE,FALSE
DCO_BRZ,DCO_BRZ_Bv4v5--CRO_MC29,FALSE,FALSE,FALSE
DCO_BRZ,DCO_BRZ_Bv4v5--CRO_MC3,FALSE,FALSE,FALSE
DCO_BRZ,DCO_BRZ_Bv4v5--CRO_MC30,FALSE,FALSE,FALSE
DCO_BRZ,DCO_BRZ_Bv4v5--CRO_MC31,FALSE,FALSE,FALSE
DCO_BRZ,DCO_BRZ_Bv4v5--CRO_MC32,FALSE,FALSE,FALSE
DCO_BRZ,DCO_BRZ_Bv4v5--CRO_MC33,FALSE,FALSE,FALSE
DCO_BRZ,DCO_BRZ_Bv4v5--CRO_MC34,FALSE,FALSE,FALSE
DCO_BRZ,DCO_BRZ_Bv4v5--CRO_MC35,FALSE,FALSE,FALSE
DCO_BRZ,DCO_BRZ_Bv4v5--CRO_MC36,FALSE,FALSE,FALSE
DCO_BRZ,DCO_BRZ_Bv4v5--CRO_MC37,FALSE,FALSE,FALSE
DCO_BRZ,DCO_BRZ_Bv4v5--CRO_MC38,FALSE,FALSE,FALSE
DCO_BRZ,DCO_BRZ_Bv4v5--CRO_MC39,FALSE,FALSE,FALSE
DCO_BRZ,DCO_BRZ_Bv4v5--CRO_MC4,FALSE,FALSE,FALSE
DCO_BRZ,DCO_BRZ_Bv4v5--CRO_MC40,FALSE,FALSE,FALSE
DCO_BRZ,DCO_BRZ_Bv4v5--CRO_MC41,FALSE,FALSE,FALSE
DCO_BRZ,DCO_BRZ_Bv4v5--CRO_MC42,FALSE,FALSE,FALSE
DCO_BRZ,DCO_BRZ_Bv4v5--CRO_MC5,FALSE,FALSE,FALSE
DCO_BRZ,DCO_BRZ_Bv4v5--CRO_MC6,FALSE,FALSE,FALSE
DCO_BRZ,DCO_BRZ_Bv4v5--CRO_MC7,FALSE,FALSE,FALSE
DCO_BRZ,DCO_BRZ_Bv4v5--CRO_MC8,FALSE,FALSE,FALSE
DCO_BRZ,DCO_BRZ_Bv4v5--CRO_MC9,FALSE,FALSE,FALSE
DCO_BRZ,DCO_BRZ_Bv4v5--CRO_MCF1_3,FALSE,FALSE,FALSE
DCO_BRZ,DCO_BRZ_Bv4v5--CRO_MCF10_12,FALSE,FALSE,FALSE
DCO_BRZ,DCO_BRZ_Bv4v5--CRO_MCF13_15,FALSE,FALSE,FALSE
DCO_BRZ,DCO_BRZ_Bv4v5--CRO_MCF16_18,FALSE,FALSE,FALSE
DCO_BRZ,DCO_BRZ_Bv4v5--CRO_MCF19_21,FALSE,FALSE,FALSE
DCO_BRZ,DCO_BRZ_Bv4v5--CRO_MCF22_24,FALSE,FALSE,FALSE
DCO_BRZ,DCO_BRZ_Bv4v5--CRO_MCF25_27,FALSE,FALSE,FALSE
DCO_BRZ,DCO_BRZ_Bv4v5--CRO_MCF28_30,FALSE,FALSE,FALSE
DCO_BRZ,DCO_BRZ_Bv4v5--CRO_MCF31_33,FALSE,FALSE,FALSE
DCO_BRZ,DCO_BRZ_Bv4v5--CRO_MCF34_36,FALSE,FALSE,FALSE
DCO_BRZ,DCO_BRZ_Bv4v5--CRO_MCF37_39,FALSE,FALSE,FALSE
DCO_BRZ,DCO_BRZ_Bv4v5--CRO_MCF4_6,FALSE,FALSE,FALSE
DCO_BRZ,DCO_BRZ_Bv4v5--CRO_MCF40_42,FALSE,FALSE,FALSE
DCO_BRZ,DCO_BRZ_Bv4v5--CRO_MCF7_9,FALSE,FALSE,FALSE
DCO_BRZ,DCO_BRZ_Bv4v5--KLT_A4A_Apr14,FALSE,FALSE,FALSE
DCO_BRZ,DCO_BRZ_Bv4v5--KLT_A4B_Apr14,FALSE,FALSE,FALSE
DCO_BRZ,DCO_BRZ_Bv4v5--KLT_A4D_Apr14,FALSE,FALSE,FALSE
DCO_BRZ,DCO_BRZ_Bv4v5--KLT_B30_Apr14,FALSE,FALSE,FALSE
DCO_BRZ,DCO_BRZ_Bv4v5--KLT_DLB_Apr14,FALSE,FALSE,FALSE
DCO_BRZ,DCO_BRZ_Bv4v5--Serp_CRO_B08B_C_Mar13,FALSE,FALSE,FALSE
DCO_BRZ,DCO_BRZ_Bv4v5--Serp_CRO_CarboyBlank_Mar13,TRUE,FALSE,FALSE
DCO_BRZ,DCO_BRZ_Bv4v5--Serp_CRO_CSW_insitu_Aug12_Bv4v5,FALSE,FALSE,FALSE
DCO_BRZ,DCO_BRZ_Bv4v5--Serp_CRO_CSW_insitu_Dec12_Bv4v5,FALSE,FALSE,FALSE
DCO_BRZ,DCO_BRZ_Bv4v5--Serp_CRO_CSW_insitu_Jun12_Bv4v5,FALSE,FALSE,FALSE
DCO_BRZ,DCO_BRZ_Bv4v5--Serp_CRO_CSW_old_C_Mar13,FALSE,FALSE,FALSE
DCO_BRZ,DCO_BRZ_Bv4v5--Serp_CRO_CSW_soil1R_Mar2014,FALSE,FALSE,FALSE
DCO_BRZ,DCO_BRZ_Bv4v5--Serp_CRO_CSW_soil2R_Mar2014,FALSE,FALSE,FALSE
DCO_BRZ,DCO_BRZ_Bv4v5--Serp_CRO_CSW10R,FALSE,FALSE,FALSE
DCO_BRZ,DCO_BRZ_Bv4v5--Serp_CRO_CSW11B_Mar13,FALSE,FALSE,FALSE
DCO_BRZ,DCO_BRZ_Bv4v5--Serp_CRO_CSW12B_Mar13,FALSE,FALSE,FALSE
DCO_BRZ,DCO_BRZ_Bv4v5--Serp_CRO_CSW12C_Mar13,FALSE,FALSE,FALSE
DCO_BRZ,DCO_BRZ_Bv4v5--Serp_CRO_CSW13A_Mar13,FALSE,FALSE,FALSE
DCO_BRZ,DCO_BRZ_Bv4v5--Serp_CRO_CSW13C_Mar13,FALSE,FALSE,FALSE
DCO_BRZ,DCO_BRZ_Bv4v5--Serp_CRO_CSW13R,FALSE,FALSE,FALSE
DCO_BRZ,DCO_BRZ_Bv4v5--Serp_CRO_CSW13R_Bv4v5,FALSE,FALSE,FALSE
DCO_BRZ,DCO_BRZ_Bv4v5--Serp_CRO_CSW14R_Bv4v5,FALSE,FALSE,FALSE
DCO_BRZ,DCO_BRZ_Bv4v5--Serp_CRO_CSW15B_Mar13,FALSE,FALSE,FALSE
DCO_BRZ,DCO_BRZ_Bv4v5--Serp_CRO_CSW15R,FALSE,FALSE,FALSE
DCO_BRZ,DCO_BRZ_Bv4v5--Serp_CRO_CSW15R_Bv4v5,FALSE,FALSE,FALSE
DCO_BRZ,DCO_BRZ_Bv4v5--Serp_CRO_CSW16R,FALSE,FALSE,FALSE
DCO_BRZ,DCO_BRZ_Bv4v5--Serp_CRO_CSW17R_Bv4v5,FALSE,FALSE,FALSE
DCO_BRZ,DCO_BRZ_Bv4v5--Serp_CRO_CSW19R_Bv4v5,FALSE,FALSE,FALSE
DCO_BRZ,DCO_BRZ_Bv4v5--Serp_CRO_CSW1R,FALSE,FALSE,FALSE
DCO_BRZ,DCO_BRZ_Bv4v5--Serp_CRO_CSW22R,FALSE,FALSE,FALSE
DCO_BRZ,DCO_BRZ_Bv4v5--Serp_CRO_CSW24R_Bv4v5,FALSE,FALSE,FALSE
DCO_BRZ,DCO_BRZ_Bv4v5--Serp_CRO_CSW25R_Bv4v5,FALSE,FALSE,FALSE
DCO_BRZ,DCO_BRZ_Bv4v5--Serp_CRO_CSW26R_Bv4v5,FALSE,FALSE,FALSE
DCO_BRZ,DCO_BRZ_Bv4v5--Serp_CRO_CSW2R,FALSE,FALSE,FALSE
DCO_BRZ,DCO_BRZ_Bv4v5--Serp_CRO_CSW6R_Bv4v5,FALSE,FALSE,FALSE
DCO_BRZ,DCO_BRZ_Bv4v5--Serp_CRO_CSW7R,FALSE,FALSE,FALSE
DCO_BRZ,DCO_BRZ_Bv4v5--Serp_CRO_CSW8R_Bv4v5,FALSE,FALSE,FALSE
DCO_BRZ,DCO_BRZ_Bv4v5--Serp_CRO_CSWinsituMar13,FALSE,FALSE,FALSE
DCO_BRZ,DCO_BRZ_Bv4v5--Serp_CRO_N08A_A_Mar13,FALSE,FALSE,FALSE
DCO_BRZ,DCO_BRZ_Bv4v5--Serp_CRO_N08C_B_Mar13,FALSE,FALSE,FALSE
DCO_BRZ,DCO_BRZ_Bv4v5--Serp_CRO_QV_soil1R_Mar2014,FALSE,FALSE,FALSE
DCO_BRZ,DCO_BRZ_Bv4v5--Serp_CRO_QV_soil2R_Mar2014,FALSE,FALSE,FALSE
DCO_BRZ,DCO_BRZ_Bv4v5--Serp_CRO_QV03R_Bv4v5,FALSE,FALSE,FALSE
DCO_BRZ,DCO_BRZ_Bv4v5--Serp_CRO_QV05R_Bv4v5,FALSE,FALSE,FALSE
DCO_BRZ,DCO_BRZ_Bv4v5--Serp_CRO_QV07R_Bv4v5,FALSE,FALSE,FALSE
DCO_BRZ,DCO_BRZ_Bv4v5--Serp_CRO_QV11B_Mar13,FALSE,FALSE,FALSE
DCO_BRZ,DCO_BRZ_Bv4v5--Serp_CRO_QV11C_Mar13,FALSE,FALSE,FALSE
DCO_BRZ,DCO_BRZ_Bv4v5--Serp_CRO_QV11R,FALSE,FALSE,FALSE
DCO_BRZ,DCO_BRZ_Bv4v5--Serp_CRO_QV11R_Bv4v5,FALSE,FALSE,FALSE
DCO_BRZ,DCO_BRZ_Bv4v5--Serp_CRO_QV11R_Mar2014,FALSE,FALSE,FALSE
DCO_BRZ,DCO_BRZ_Bv4v5--Serp_CRO_QV12A_Mar13,FALSE,FALSE,FALSE
DCO_BRZ,DCO_BRZ_Bv4v5--Serp_CRO_QV13A_Mar13,FALSE,FALSE,FALSE
DCO_BRZ,DCO_BRZ_Bv4v5--Serp_CRO_QV13R,FALSE,FALSE,FALSE
DCO_BRZ,DCO_BRZ_Bv4v5--Serp_CRO_QV13R_Mar2014,FALSE,FALSE,FALSE
DCO_BRZ,DCO_BRZ_Bv4v5--Serp_CRO_QV16R_Bv4v5,FALSE,FALSE,FALSE
DCO_BRZ,DCO_BRZ_Bv4v5--Serp_CRO_QV18R_Bv4v5,FALSE,FALSE,FALSE
DCO_BRZ,DCO_BRZ_Bv4v5--Serp_CRO_QV18R_Mar2014,FALSE,FALSE,FALSE
DCO_BRZ,DCO_BRZ_Bv4v5--Serp_CRO_QV20R_Bv4v5,FALSE,FALSE,FALSE
DCO_BRZ,DCO_BRZ_Bv4v5--Serp_CRO_QV21R,FALSE,FALSE,FALSE
DCO_BRZ,DCO_BRZ_Bv4v5--Serp_CRO_QV21R_Mar2014,FALSE,FALSE,FALSE
DCO_BRZ,DCO_BRZ_Bv4v5--Serp_CRO_QV22R,FALSE,FALSE,FALSE
DCO_BRZ,DCO_BRZ_Bv4v5--Serp_CRO_QV25R,FALSE,FALSE,FALSE
DCO_BRZ,DCO_BRZ_Bv4v5--Serp_CRO_QV25R_Mar2014,FALSE,FALSE,FALSE
DCO_BRZ,DCO_BRZ_Bv4v5--Serp_CRO_QV28R,FALSE,FALSE,FALSE
DCO_BRZ,DCO_BRZ_Bv4v5--Serp_CRO_QV30R_Bv4v5,FALSE,FALSE,FALSE
DCO_BRZ,DCO_BRZ_Bv4v5--Serp_CRO_QV30R_Mar2014,FALSE,FALSE,FALSE
DCO_BRZ,DCO_BRZ_Bv4v5--Serp_CRO_QV31R,FALSE,FALSE,FALSE
DCO_BRZ,DCO_BRZ_Bv4v5--Serp_CRO_QV31R_Bv4v5,FALSE,FALSE,FALSE
DCO_BRZ,DCO_BRZ_Bv4v5--Serp_CRO_QV36R_Bv4v5,FALSE,FALSE,FALSE
DCO_BRZ,DCO_BRZ_Bv4v5--Serp_CRO_QV40,FALSE,FALSE,FALSE
DCO_BRZ,DCO_BRZ_Bv4v5--Serp_CRO_QV42R_Bv4v5,FALSE,FALSE,FALSE
DCO_BRZ,DCO_BRZ_Bv4v5--Serp_CRO_QV42R_Mar2014,FALSE,FALSE,FALSE
DCO_BRZ,DCO_BRZ_Bv4v5--Serp_CRO_QV9R,FALSE,FALSE,FALSE
DCO_BRZ,DCO_BRZ_Bv4v5--Serp_CRO_QVinsituMar13,FALSE,FALSE,FALSE
DCO_BRZ,DCO_BRZ_Bv4v5--Serp_KLT_A4A_091613,FALSE,FALSE,FALSE
DCO_BRZ,DCO_BRZ_Bv4v5--Serp_KLT_A4A_091713,FALSE,FALSE,FALSE
DCO_BRZ,DCO_BRZ_Bv4v5--Serp_KLT_A4B_091613,FALSE,FALSE,FALSE
DCO_BRZ,DCO_BRZ_Bv4v5--Serp_KLT_A4B_091713,FALSE,FALSE,FALSE
DCO_BRZ,DCO_BRZ_Bv4v5--Serp_KLT_A4B_3_091713,FALSE,FALSE,FALSE
DCO_BRZ,DCO_BRZ_Bv4v5--Serp_KLT_A4D_2_091713,FALSE,FALSE,FALSE
DCO_BRZ,DCO_BRZ_Bv4v5--Serp_KLT_B30_091613,FALSE,FALSE,FALSE
DCO_BRZ,DCO_BRZ_Bv4v5--Serp_KLT_B30_091713,FALSE,FALSE,FALSE
DCO_BRZ,DCO_BRZ_Bv4v5--Serp_KLT_DLB_091613,FALSE,FALSE,FALSE
DCO_BRZ,DCO_BRZ_Bv4v5--Serp_KLT_DLB_091713,FALSE,FALSE,FALSE
DCO_BRZ,DCO_BRZ_Bv4v5--Serp_LC_2109_1_1_Bv4v5,FALSE,FALSE,FALSE
DCO_BRZ,DCO_BRZ_Bv4v5--Serp_LC_2109_2_1_Bv4v5,FALSE,FALSE,FALSE
DCO_BRZ,DCO_BRZ_Bv4v5--Serp_LC_211W_AC_A1_Bv4v5,FALSE,FALSE,FALSE
DCO_BRZ,DCO_BRZ_Bv4v5--Serp_LC_212E_C_A1_Bv4v5,FALSE,FALSE,FALSE
DCO_BRZ,DCO_BRZ_Bv4v5--Serp_LC_212E_C_A2_Bv4v5,FALSE,FALSE,FALSE
DCO_BRZ,DCO_BRZ_Bv4v5--Serp_LC_221A_A_Bv4v5,FALSE,FALSE,FALSE
DCO_BRZ,DCO_BRZ_Bv4v5--Serp_LC_222H_E_Bv4v5,FALSE,FALSE,FALSE
DCO_BRZ,DCO_BRZ_Bv4v5--Serp_LC_237Y_E_A1_Bv4v5,FALSE,FALSE,FALSE
DCO_BRZ,DCO_BRZ_Bv4v5--Serp_LC_239AB_AC_A1_Bv4v5,FALSE,FALSE,FALSE
DCO_BRZ,DCO_BRZ_Bv4v5--Serp_LC_242_A1_Bv4v5,FALSE,FALSE,FALSE
DCO_BRZ,DCO_BRZ_Bv4v5--Serp_LC_5AF_E_A1_Bv4v5,FALSE,FALSE,FALSE
DCO_BRZ,DCO_BRZ_Bv4v5--Serp_LC_BB34,FALSE,FALSE,FALSE
DCO_BRZ,DCO_BRZ_Bv4v5--Serp_LC_BB38,FALSE,FALSE,FALSE
DCO_BRZ,DCO_BRZ_Bv4v5--Serp_LC_TW07_Bv4v5,FALSE,FALSE,FALSE
DCO_BRZ,DCO_BRZ_Bv4v5--Serp_LC_TW08_Bv4v5,FALSE,FALSE,FALSE
DCO_BRZ,DCO_BRZ_Bv4v5--Serp_LC_TW09_Bv4v5,FALSE,FALSE,FALSE
DCO_BRZ,DCO_BRZ_Bv4v5--Serp_LC_TW10_Bv4v5,FALSE,FALSE,FALSE
DCO_BRZ,DCO_BRZ_Bv4v5--Serp_LIG_BR2_R1R_Mar2014,FALSE,FALSE,FALSE
DCO_BRZ,DCO_BRZ_Bv4v5--Serp_LIG_Gor_R1R_Mar2014,FALSE,FALSE,FALSE
DCO_BRZ,DCO_BRZ_Bv4v5--Serp_LIG_Gor_R2R_Mar2014,FALSE,FALSE,FALSE
DCO_BRZ,DCO_BRZ_Bv4v5--Serp_LIG_Gor_R3R_Mar2014,FALSE,FALSE,FALSE
DCO_BRZ,DCO_BRZ_Bv4v5--Serp_LIG_Gor_R4R_Mar2014,FALSE,FALSE,FALSE
DCO_BRZ,DCO_BRZ_Bv4v5--Serp_LIG_Gor_R5R_Mar2014,FALSE,FALSE,FALSE
DCO_BRZ,DCO_BRZ_Bv4v5--Serp_LIG_Gor_R6R_Mar2014,FALSE,FALSE,FALSE
DCO_BRZ,DCO_BRZ_Bv4v5--Serp_Oman_32Rock,FALSE,FALSE,FALSE
DCO_BRZ,DCO_BRZ_Bv4v5--Serp_Oman_Aardvark,FALSE,FALSE,FALSE
DCO_BRZ,DCO_BRZ_Bv4v5--Serp_Oman_Africa_Bv4v5,FALSE,FALSE,FALSE
DCO_BRZ,DCO_BRZ_Bv4v5--Serp_Oman_AlaklineSpringOF2,FALSE,FALSE,FALSE
DCO_BRZ,DCO_BRZ_Bv4v5--Serp_Oman_AudreyII,FALSE,FALSE,FALSE
DCO_BRZ,DCO_BRZ_Bv4v5--Serp_Oman_BraveSirRobin,FALSE,FALSE,FALSE
DCO_BRZ,DCO_BRZ_Bv4v5--Serp_Oman_ChainFools,FALSE,FALSE,FALSE
DCO_BRZ,DCO_BRZ_Bv4v5--Serp_Oman_CornerPocket,FALSE,FALSE,FALSE
DCO_BRZ,DCO_BRZ_Bv4v5--Serp_Oman_downstream_Jimi_Bv4v5,FALSE,FALSE,FALSE
DCO_BRZ,DCO_BRZ_Bv4v5--Serp_Oman_Eden_Bv4v5,FALSE,FALSE,FALSE
DCO_BRZ,DCO_BRZ_Bv4v5--Serp_Oman_GlazedKidney,FALSE,FALSE,FALSE
DCO_BRZ,DCO_BRZ_Bv4v5--Serp_Oman_Kermit_Bv4v5,FALSE,FALSE,FALSE
DCO_BRZ,DCO_BRZ_Bv4v5--Serp_Oman_KingArthur,FALSE,FALSE,FALSE
DCO_BRZ,DCO_BRZ_Bv4v5--Serp_Oman_Nemo_Bv4v5,FALSE,FALSE,FALSE
DCO_BRZ,DCO_BRZ_Bv4v5--Serp_Oman_PalmPool,FALSE,FALSE,FALSE
DCO_BRZ,DCO_BRZ_Bv4v5--Serp_Oman_RoundTable,FALSE,FALSE,FALSE
DCO_BRZ,DCO_BRZ_Bv4v5--Serp_Oman_TadPool,FALSE,FALSE,FALSE
DCO_BRZ,DCO_BRZ_Bv4v5--Serp_Oman_Triangle,FALSE,FALSE,FALSE
DCO_BRZ,DCO_BRZ_Bv4v5--Serp_Oman_WadiInput1,FALSE,FALSE,FALSE
DCO_BRZ,DCO_BRZ_Bv4v5--Serp_Oman_WadiInput2,FALSE,FALSE,FALSE
DCO_BRZ,DCO_BRZ_Bv4v5--Serp_POR_AC3_Bv4v5,FALSE,FALSE,FALSE
DCO_BRZ,DCO_BRZ_Bv4v5--Serp_POR_AC5_Bv4v5,FALSE,FALSE,FALSE
DCO_BRZ,DCO_BRZ_Bv4v5--Serp_POR_spainbore_Bv4v5,FALSE,FALSE,FALSE
DCO_BRZ,DCO_BRZ_Bv4v5--Serp_POR_spainhole_Bv4v5,FALSE,FALSE,FALSE
DCO_BRZ,DCO_BRZ_Bv4v5--Serp_Prony02,FALSE,FALSE,FALSE
DCO_BRZ,DCO_BRZ_Bv4v5--Serp_Prony07,FALSE,FALSE,FALSE
DCO_BRZ,DCO_BRZ_Bv4v5--Serp_Prony16b,FALSE,FALSE,FALSE
DCO_BRZ,DCO_BRZ_Bv4v5--Serp_Prony17b,FALSE,FALSE,FALSE
DCO_BRZ,DCO_BRZ_Bv4v5--Serp_Prony24,FALSE,FALSE,FALSE
DCO_BRZ,DCO_BRZ_Bv4v5--Serp_Prony25,FALSE,FALSE,FALSE
DCO_BRZ,DCO_BRZ_Bv4v5--Serp_Prony26,FALSE,FALSE,FALSE
DCO_BRZ,DCO_BRZ_Bv4v5--Serp_Prony27,FALSE,FALSE,FALSE
DCO_BRZ,DCO_BRZ_Bv4v5--Serp_Prony28,FALSE,FALSE,FALSE
DCO_BRZ,DCO_BRZ_Bv4v5--Serp_Prony29,FALSE,FALSE,FALSE
DCO_BRZ,DCO_BRZ_Bv4v5--Serp_Prony30,FALSE,FALSE,FALSE
DCO_BRZ,DCO_BRZ_Bv4v5--Serp_QV3R_Mar2014,FALSE,FALSE,FALSE
DCO_BRZ,DCO_BRZ_Bv4v5--Serp_QV7R_Mar2014,FALSE,FALSE,FALSE
DCO_BRZ,DCO_BRZ_Bv4v5--Serp_SE_MurcielagoUp1_Feb2014,FALSE,FALSE,FALSE
DCO_BRZ,DCO_BRZ_Bv4v5--Serp_SE_MurcielagoUp2_Feb2014,FALSE,FALSE,FALSE
DCO_BRZ,DCO_BRZ_Bv4v5--Serp_SE_MurcielagoUp3_Feb2014,FALSE,FALSE,FALSE
DCO_BRZ,DCO_BRZ_Bv4v5--Serp_SE_PozoAguasCalientes1,FALSE,FALSE,FALSE
DCO_BRZ,DCO_BRZ_Bv4v5--Serp_SE_PozoAguasCalientes2,FALSE,FALSE,FALSE
DCO_BRZ,DCO_BRZ_Bv4v5--Serp_SE_PozoAguasCalientes3,FALSE,FALSE,FALSE
DCO_BRZ,DCO_BRZ_Bv4v5--Serp_SE_PozoMurcielago1,FALSE,FALSE,FALSE
DCO_BRZ,DCO_BRZ_Bv4v5--Serp_SE_PozoMurcielago2,FALSE,FALSE,FALSE
DCO_BRZ,DCO_BRZ_Bv4v5--Serp_SE_PozoMurcielago3,FALSE,FALSE,FALSE
DCO_BRZ,DCO_BRZ_Bv4v5--Serp_SE_PozoNuevo1,FALSE,FALSE,FALSE
DCO_BRZ,DCO_BRZ_Bv4v5--Serp_SE_PozoNuevo2,FALSE,FALSE,FALSE
DCO_BRZ,DCO_BRZ_Bv4v5--SERP_SE_PozoNuevo3,FALSE,FALSE,FALSE
DCO_BRZ,DCO_BRZ_Bv4v5--Serp_SE_Q_Danta1_Mar13,FALSE,FALSE,FALSE
DCO_BRZ,DCO_BRZ_Bv4v5--Serp_SE_Q_Danta2_Mar13,FALSE,FALSE,FALSE
DCO_BRZ,DCO_BRZ_Bv4v5--Serp_SE_Q_Danta4_Mar13,FALSE,FALSE,FALSE
DCO_BRZ,DCO_BRZ_Bv4v5--Serp_SE_QDanta1_Feb2014,FALSE,FALSE,FALSE
DCO_BRZ,DCO_BRZ_Bv4v5--Serp_SE_QDanta2_Feb2014,FALSE,FALSE,FALSE
DCO_BRZ,DCO_BRZ_Bv4v5--Serp_SE_QDanta3_Feb2014,FALSE,FALSE,FALSE
DCO_BRZ,DCO_BRZ_Bv4v5--Serp_SE_QDantaUp1_Feb2014,FALSE,FALSE,FALSE
DCO_BRZ,DCO_BRZ_Bv4v5--Serp_SE_QDantaUp2_Feb2014,FALSE,FALSE,FALSE
DCO_BRZ,DCO_BRZ_Bv4v5--Serp_SE_QDantaUp3_Feb2014,FALSE,FALSE,FALSE
DCO_BRZ,DCO_BRZ_Bv4v5--Serp_SE_RioCalera1_Feb2014,FALSE,FALSE,FALSE
DCO_BRZ,DCO_BRZ_Bv4v5--Serp_SE_RioCalera2_Feb2014,FALSE,FALSE,FALSE
DCO_BRZ,DCO_BRZ_Bv4v5--Serp_SE_RioCalera3_Feb2014,FALSE,FALSE,FALSE
DCO_BRZ,DCO_BRZ_Bv4v5--Serp_SE_Spring_1_Feb2014,FALSE,FALSE,FALSE
DCO_BRZ,DCO_BRZ_Bv4v5--Serp_SE_Spring8_2_Feb2014,FALSE,FALSE,FALSE
DCO_BRZ,DCO_BRZ_Bv4v5--Serp_SE_Spring8_3_Feb2014,FALSE,FALSE,FALSE
DCO_BRZ,DCO_BRZ_Bv4v5--Serp_SE_Spring8_4_Feb2014,FALSE,FALSE,FALSE
DCO_BRZ,DCO_BRZ_Bv4v5--Serp_SE_Spring8_Mar13,FALSE,FALSE,FALSE
DCO_BRZ,DCO_BRZ_Bv4v5--Serp_SE_Spring9_1_Feb2014,FALSE,FALSE,FALSE
DCO_BRZ,DCO_BRZ_Bv4v5--Serp_SE_Spring9_2_Feb2014,FALSE,FALSE,FALSE
DCO_BRZ,DCO_BRZ_Bv4v5--Serp_SE_Spring9_3_Feb2014,FALSE,FALSE,FALSE
DCO_BRZ,DCO_BRZ_Bv4v5--Serp_SE_Spring9_Mar13,FALSE,FALSE,FALSE
DCO_BRZ,DCO_BRZ_Bv4v5--Serp_TL_WHC2ab_6_12_Bv4v5,FALSE,FALSE,FALSE
DCO_BRZ,DCO_BRZ_Bv4v5--Serp_TL_WHC2ab_7_12_Bv4v5,FALSE,FALSE,FALSE
DCO_BRZ,DCO_BRZ_Bv4v5--Serp_TL_WHC2ab_8_12_Bv4v5,FALSE,FALSE,FALSE
DCO_BRZ,DCO_BRZ_Bv4v5--Serp_TL_WHC2ab_9_12_Bv4v5,FALSE,FALSE,FALSE
DCO_BRZ,DCO_BRZ_Bv4v5--Serp_TL_WHC2b_1_5_12_Bv4v5,FALSE,FALSE,FALSE
DCO_BRZ,DCO_BRZ_Bv6v4--Serp_CR11_8A_Apr,FALSE,FALSE,FALSE
DCO_BRZ,DCO_BRZ_Bv6v4--Serp_CR11_8A_Aug,FALSE,FALSE,FALSE
DCO_BRZ,DCO_BRZ_Bv6v4--Serp_CR11_8B_Apr,FALSE,FALSE,FALSE
DCO_BRZ,DCO_BRZ_Bv6v4--Serp_CR11_CSW1_1,FALSE,FALSE,FALSE
DCO_BRZ,DCO_BRZ_Bv6v4--Serp_CRO11_QV13R,FALSE,FALSE,FALSE
DCO_BRZ,DCO_BRZ_Bv6v4--Serp_CRO11_QV21R,FALSE,FALSE,FALSE
DCO_BRZ,DCO_BRZ_Bv6v4--Serp_LS10_7,FALSE,FALSE,FALSE
DCO_BRZ,DCO_BRZ_Bv6v4--Serp_LS11_117,FALSE,FALSE,FALSE
DCO_BRZ,DCO_BRZ_Bv6v4--Serp_LS11_65,FALSE,FALSE,FALSE
DCO_BRZ,DCO_BRZ_Bv6v4--Serp_LS11_83,FALSE,FALSE,FALSE
DCO_BRZ,DCO_BRZ_Bv6v4--Serp_TL10_57,FALSE,FALSE,FALSE
DCO_BRZ,DCO_BRZ_Bv6v4--Serp_TL11_24,FALSE,FALSE,FALSE
DCO_BRZ,DCO_BRZ_Bv6v4--Serp_TL11_3,FALSE,FALSE,FALSE
DCO_BRZ,DCO_BRZ_Bv6v4--Serp_TL11_46,FALSE,FALSE,FALSE
DCO_BRZ,DCO_BRZ_Bv6v4--Serp_TL11_71,FALSE,FALSE,FALSE
DCO_BRZ,DCO_BRZ_Bv6v4--Serp_TL11_72,FALSE,FALSE,FALSE
DCO_DAL,DCO_DAL_Bv4v5--Control,TRUE,FALSE,FALSE
DCO_KLA,DCO_KLA_Av4v5--Extraction_blank,TRUE,FALSE,FALSE
DCO_KLA,DCO_KLA_Bv4v5--Extraction_blank,TRUE,FALSE,FALSE
DCO_LAZ,DCO_LAZ_Av4v5--GC03top,TRUE,FALSE,FALSE
DCO_LAZ,DCO_LAZ_Bv4v5--GC03top,TRUE,FALSE,FALSE
DCO_LOIH,DCO_LOIH_Av4v5--J675red2black2_B,TRUE,FALSE,FALSE
DCO_LOIH,DCO_LOIH_Av4v5--J675red2black2_Av4v5,TRUE,FALSE,FALSE
DCO_LOIH,DCO_LOIH_Bv4v5--J2_672_BM1_B12345,TRUE,FALSE,FALSE
DCO_ORC,DCO_ORC_Av6--IODP_X336_U1382B_Blank,TRUE,FALSE,FALSE
DCO_ORC,DCO_ORC_Av6v4--Orc4H3_upper_Av6v4,TRUE,FALSE,FALSE
DCO_ORC,DCO_ORC_Bv6--IODP_X336_U1382A_Blank,TRUE,FALSE,FALSE
DCO_ORC,DCO_ORC_Bv6v4--JdF6XCC,TRUE,FALSE,FALSE
DCO_PED,DCO_PED_Av6--ONK_PVA6,FALSE,TRUE,FALSE
DCO_PED,DCO_PED_Av6--OL_KR55,FALSE,TRUE,FALSE
DCO_PED,DCO_PED_Av6--OL_KR56,FALSE,TRUE,FALSE
DCO_PED,DCO_PED_Av6--ONK_PVA08,FALSE,TRUE,FALSE
DCO_PED,DCO_PED_Av6--ONK_PVA3,FALSE,TRUE,FALSE
DCO_PED,DCO_PED_Av6--ONK_PVA5,FALSE,TRUE,FALSE
DCO_PED,DCO_PED_Av6--SURE2_C1_3_1_cell2,FALSE,TRUE,FALSE
DCO_PED,DCO_PED_Av6--SURE2_P7_S1,FALSE,TRUE,FALSE
DCO_PED,DCO_PED_Av6--SURE2_P7_S2,FALSE,TRUE,FALSE
DCO_PED,DCO_PED_Av6--SURE2_P7_S3,FALSE,TRUE,FALSE
DCO_PED,DCO_PED_Av6--SURE3_C1_1,FALSE,TRUE,FALSE
DCO_PED,DCO_PED_Av6--SURE3_C2_2_3_1,FALSE,TRUE,FALSE
DCO_PED,DCO_PED_Bv6v4--KA2198A_Prov_1,FALSE,TRUE,FALSE
DCO_PED,DCO_PED_Bv6v4--KA3110A_2,FALSE,TRUE,FALSE
DCO_PED,DCO_PED_Bv6v4--KA3385A_2,FALSE,TRUE,FALSE
DCO_PED,DCO_PED_Bv6v4--KA3510A_Prov_1,FALSE,TRUE,FALSE
DCO_PED,DCO_PED_Bv6v4--KF0069A01_2,FALSE,TRUE,FALSE
DCO_PED,DCO_PED_Bv6v4--KJ0052F01_100L,FALSE,TRUE,FALSE
DCO_PED,DCO_PED_Bv6v4--ONK_KR15,FALSE,TRUE,FALSE
DCO_PED,DCO_PED_Bv6v4--ONK_KR15_2,FALSE,TRUE,FALSE
DCO_PED,DCO_PED_Bv6v4--ONK_PVA06_2,FALSE,TRUE,FALSE
DCO_PED,DCO_PED_Bv6v4--ONK_PVA1,FALSE,TRUE,FALSE
DCO_PED,DCO_PED_Bv6v4--ONK_PVA10,FALSE,TRUE,FALSE
DCO_PED,DCO_PED_Bv6v4--ONK_PVA3,FALSE,TRUE,FALSE
DCO_PED,DCO_PED_Bv6v4--ONK_PVA5,FALSE,TRUE,FALSE
DCO_PED,DCO_PED_Bv6v4--ONK_PVA6,FALSE,TRUE,FALSE
DCO_PED,DCO_PED_Bv6v4--SURE2_C1_3_1_cell2,FALSE,TRUE,FALSE
DCO_PED,DCO_PED_Bv6v4--SURE2_P7_S1,FALSE,TRUE,FALSE
DCO_PED,DCO_PED_Bv6v4--SURE2_P7_S2,FALSE,TRUE,FALSE
DCO_PED,DCO_PED_Bv6v4--SURE2_P7_S3,FALSE,TRUE,FALSE
DCO_PED,DCO_PED_Av6--KA3110A_2,FALSE,TRUE,FALSE
DCO_PED,DCO_PED_Av6--KA3385A_2,FALSE,TRUE,FALSE
DCO_PED,DCO_PED_Av6--ONK_KR15,FALSE,TRUE,FALSE
DCO_PED,DCO_PED_Av6--ONK_KR15_2,FALSE,TRUE,FALSE
DCO_PED,DCO_PED_Av6--ONK_PVA06_2,FALSE,TRUE,FALSE
DCO_PED,DCO_PED_Av6--ONK_PVA1,FALSE,TRUE,FALSE
DCO_PED,DCO_PED_Av6--ONK_PVA10,FALSE,TRUE,FALSE
DCO_PED,DCO_PED_Bv6--OL_KR55,FALSE,TRUE,FALSE
DCO_PED,DCO_PED_Bv6--OL_KR56,FALSE,TRUE,FALSE
DCO_PED,DCO_PED_Bv6--ONK_PVA08,FALSE,TRUE,FALSE
DCO_PED,DCO_PED_Bv6--SURE3_C1_1,FALSE,TRUE,FALSE
DCO_PED,DCO_PED_Bv6--SURE3_C2_2_3_1,FALSE,TRUE,FALSE
DCO_PIN,DCO_PIN_Av4v5--BL_Control,TRUE,FALSE,FALSE
DCO_PPA,DCO_PPA_Av6v4--1301A_1a,FALSE,TRUE,FALSE
DCO_PPA,DCO_PPA_Av6v4--1301A_1b,FALSE,TRUE,FALSE
DCO_PPA,DCO_PPA_Av6v4--1301A_1c,FALSE,TRUE,FALSE
DCO_PPA,DCO_PPA_Av6v4--1301A_1d,FALSE,TRUE,FALSE
DCO_PPA,DCO_PPA_Av6v4--1301A_3a,FALSE,TRUE,FALSE
DCO_PPA,DCO_PPA_Av6v4--1301A_3b,FALSE,TRUE,FALSE
DCO_PPA,DCO_PPA_Av6v4--1301A_3c,FALSE,TRUE,FALSE
DCO_PPA,DCO_PPA_Av6v4--1301A_3d,FALSE,TRUE,FALSE
DCO_PPA,DCO_PPA_Bv6v4--1301A_1a,FALSE,TRUE,FALSE
DCO_PPA,DCO_PPA_Bv6v4--1301A_1b,FALSE,TRUE,FALSE
DCO_PPA,DCO_PPA_Bv6v4--1301A_1c,FALSE,TRUE,FALSE
DCO_PPA,DCO_PPA_Bv6v4--1301A_1d,FALSE,TRUE,FALSE
DCO_PPA,DCO_PPA_Bv6v4--1301A_3a,FALSE,TRUE,FALSE
DCO_PPA,DCO_PPA_Bv6v4--1301A_3b,FALSE,TRUE,FALSE
DCO_PPA,DCO_PPA_Bv6v4--1301A_3c,FALSE,TRUE,FALSE
DCO_PPA,DCO_PPA_Bv6v4--1301A_3d,FALSE,TRUE,FALSE
DCO_QUE,DCO_QUE_Bv4v5--69_FE_1_ATM10,FALSE,TRUE,FALSE
DCO_QUE,DCO_QUE_Bv4v5--70B_P_F1_1,FALSE,TRUE,FALSE
DCO_QUE,DCO_QUE_Bv4v5--70B_P_F1_2,FALSE,TRUE,FALSE
DCO_QUE,DCO_QUE_Bv4v5--70B_P_FE_1,FALSE,TRUE,FALSE
DCO_QUE,DCO_QUE_Bv4v5--70B_P_MET2_1,FALSE,TRUE,FALSE
DCO_QUE,DCO_QUE_Bv4v5--70B_P_MET2_2,FALSE,TRUE,FALSE
DCO_QUE,DCO_QUE_Bv4v5--70O_F1_ATM10,FALSE,TRUE,FALSE
DCO_QUE,DCO_QUE_Bv4v5--70O_FE_2_ATM10,FALSE,TRUE,FALSE
DCO_QUE,DCO_QUE_Bv4v5--70O_P_F1_1,FALSE,TRUE,FALSE
DCO_QUE,DCO_QUE_Bv4v5--70O_P_F1_2,FALSE,TRUE,FALSE
DCO_QUE,DCO_QUE_Bv4v5--70O_P_FE_1,FALSE,TRUE,FALSE
DCO_QUE,DCO_QUE_Bv4v5--70O_P_MET2_1,FALSE,TRUE,FALSE
DCO_QUE,DCO_QUE_Bv4v5--70O_P_MET2_2,FALSE,TRUE,FALSE
DCO_QUE,DCO_QUE_Bv4v5--72_F1_2_ATM10,FALSE,TRUE,FALSE
DCO_RUS,DCO_RUS_Av4v5--Blank_1,TRUE,FALSE,FALSE
DCO_RUS,DCO_RUS_Bv4v5--Blank_2,TRUE,FALSE,FALSE
DCO_SAR,DCO_SAR_Bv4v5--BL_Control,TRUE,FALSE,FALSE
DCO_SHER,DCO_SHER_Bv4v5--Kidd_Creek_SW_2015,FALSE,TRUE,FALSE
DCO_SYL,DCO_SYL_Bv6v4--Aurora_blank,TRUE,FALSE,FALSE
